t,seen,trust,why,tgt_pinky,tgt_ring,tgt_middle,tgt_index,tgt_thumb_bend,tgt_thumb_rot,curl_pinky,curl_ring,curl_middle,curl_index,thumb_flexion,opposition,ang_pinky,ang_ring,ang_middle,ang_index,ang_thumb_bend,ang_thumb_rot,cur_pinky,cur_ring,cur_middle,cur_index,cur_thumb_bend,cur_thumb_rot
0.0000,1,1,,1732,1638,1572,1649,1837,1716,34.393,49.947,60.971,48.160,16.507,27.127,1550,1467,1367,1307,1375,1097,0,0,0,0,0,0
0.2094,1,1,,1709,1623,1589,1664,1811,1643,38.264,52.447,58.080,45.756,19.482,36.531,1550,1467,1367,1307,1375,1097,0,0,0,0,0,0
0.2285,1,1,,1691,1619,1600,1662,1811,1633,41.151,53.168,56.311,46.015,19.482,37.741,1550,1467,1367,1307,1375,1097,0,0,0,0,0,0
0.2424,1,1,,1676,1613,1609,1652,1806,1689,43.655,54.130,54.835,47.673,20.009,30.616,1550,1467,1367,1307,1375,1097,0,0,0,0,0,0
0.2704,1,1,,1701,1621,1613,1662,1815,1727,39.618,52.871,54.081,45.956,19.067,25.645,1550,1467,1367,1307,1375,1097,0,0,0,0,0,0
0.3024,1,1,,1717,1624,1624,1669,1805,1791,36.964,52.329,52.386,44.920,20.157,17.447,1550,1467,1367,1307,1375,1097,0,0,0,0,0,0
0.3364,1,1,,1727,1639,1623,1678,1802,1778,35.307,49.843,52.535,43.446,20.479,19.132,1550,1467,1367,1307,1375,1097,0,0,0,0,0,0
0.3704,1,1,,1724,1626,1609,1669,1788,1771,35.742,52.006,54.828,44.850,22.149,20.104,1550,1467,1367,1307,1375,1097,0,0,0,0,0,0
0.4024,1,1,,1744,1627,1612,1666,1792,1758,32.534,51.837,54.245,45.418,21.697,21.742,1550,1467,1367,1307,1375,1097,0,0,0,0,0,0
0.4344,1,1,,1745,1626,1625,1674,1782,1716,32.369,51.947,52.067,43.968,22.818,27.092,1550,1467,1367,1307,1375,1097,0,0,0,0,0,0
0.4824,1,1,,1739,1617,1617,1666,1796,1701,33.354,53.546,53.503,45.417,21.194,29.061,1550,1467,1367,1307,1375,1097,0,0,0,0,0,0
0.5024,1,1,,1740,1621,1617,1663,1791,1703,33.113,52.845,53.419,45.838,21.754,28.835,1550,1467,1367,1307,1375,1097,0,0,0,0,0,0
0.5344,1,1,,1733,1624,1619,1675,1807,1706,34.293,52.243,53.053,43.934,19.986,28.377,1550,1467,1367,1308,1375,1097,0,0,0,0,0,0
0.5704,1,1,,1724,1614,1603,1669,1825,1728,35.823,54.018,55.857,44.940,17.867,25.579,1550,1467,1367,1307,1375,1097,0,0,0,0,0,0
0.6144,1,1,,1730,1611,1597,1657,1829,1725,34.843,54.526,56.758,46.809,17.331,25.917,1550,1467,1367,1307,1375,1097,0,0,0,0,0,0
0.6464,1,1,,1729,1608,1594,1662,1836,1690,34.884,54.908,57.229,46.059,16.625,30.509,1550,1467,1367,1307,1375,1097,0,0,0,0,0,0
0.6709,1,1,,1746,1615,1598,1660,1846,1679,32.165,53.831,56.595,46.395,15.353,31.814,1550,1467,1367,1307,1375,1097,0,0,0,0,0,0
0.7144,1,1,,1716,1579,1571,1641,1831,1655,37.043,59.760,61.103,49.553,17.115,34.897,1550,1467,1367,1307,1375,1097,0,0,0,0,0,0
0.7344,1,1,,1729,1588,1575,1637,1823,1675,34.945,58.213,60.487,50.217,18.089,32.412,1550,1467,1367,1307,1375,1097,0,0,0,0,0,0
0.7824,1,1,,1731,1585,1572,1633,1822,1702,34.559,58.762,60.960,50.888,18.165,28.894,1550,1467,1367,1307,1375,1097,0,0,0,0,0,0
0.8144,1,1,,1739,1583,1554,1614,1803,1680,33.280,59.140,63.936,54.012,20.420,31.747,1550,1467,1367,1308,1375,1097,0,0,0,0,0,0
0.8344,1,1,,1719,1597,1560,1606,1806,1713,36.660,56.826,62.863,55.365,20.081,27.489,1550,1467,1367,1307,1375,1097,0,0,0,0,0,0
0.8704,1,1,,1743,1586,1557,1609,1812,1707,32.653,58.552,63.386,54.848,19.357,28.297,1550,1467,1367,1307,1375,1097,0,0,0,0,0,0
0.9024,1,1,,1753,1604,1579,1635,1837,1719,30.995,55.663,59.714,50.438,16.446,26.760,1550,1467,1367,1307,1375,1097,0,0,0,0,0,0
0.9344,1,1,,1762,1607,1565,1633,1823,1774,29.529,55.062,62.061,50.870,18.088,19.691,1550,1467,1367,1308,1375,1097,0,0,0,0,0,0
0.9704,1,1,,1747,1610,1568,1640,1805,1785,31.969,54.611,61.589,49.583,20.177,18.320,1550,1467,1367,1307,1375,1097,0,0,0,0,0,0
1.0024,1,1,,1742,1609,1564,1642,1802,1787,32.856,54.783,62.218,49.382,20.588,18.027,1550,1467,1367,1307,1375,1097,0,0,0,0,0,0
1.0344,1,1,,1732,1608,1559,1641,1805,1778,34.415,54.933,63.052,49.423,20.163,19.189,1550,1467,1367,1307,1375,1097,0,0,0,0,0,0
1.0704,1,1,,1732,1609,1558,1635,1812,1785,34.478,54.849,63.214,50.426,19.408,18.263,1550,1467,1367,1307,1375,1097,0,0,0,0,0,0
1.1024,1,1,,1723,1606,1555,1636,1804,1789,35.947,55.343,63.715,50.287,20.328,17.717,1550,1467,1367,1307,1375,1097,0,0,0,0,0,0
1.1344,1,1,,1716,1604,1549,1634,1801,1785,37.064,55.603,64.705,50.667,20.673,18.257,1550,1467,1367,1307,1375,1097,0,0,0,0,0,0
1.1704,1,1,,1726,1605,1553,1640,1807,1810,35.447,55.389,64.073,49.713,19.968,15.035,1550,1467,1367,1307,1375,1097,0,0,0,0,0,0
1.2024,1,1,,1719,1604,1554,1640,1807,1810,36.558,55.683,63.835,49.581,19.960,15.104,1550,1467,1367,1307,1375,1097,0,0,0,0,0,0
1.2344,1,1,,1720,1615,1565,1642,1814,1809,36.487,53.872,62.079,49.313,19.101,15.250,1550,1467,1367,1307,1375,1097,0,0,0,0,0,0
1.2704,1,1,,1724,1611,1563,1645,1811,1823,35.692,54.412,62.346,48.811,19.466,13.389,1550,1467,1367,1307,1375,1097,0,0,0,0,0,0
1.3024,1,1,,1733,1616,1562,1645,1819,1821,34.235,53.673,62.526,48.757,18.596,13.666,1550,1467,1367,1307,1375,1097,0,0,0,0,0,0
1.3344,1,1,,1728,1615,1562,1642,1821,1823,35.060,53.793,62.611,49.339,18.282,13.373,1550,1467,1367,1307,1375,1097,0,0,0,0,0,0
1.3824,1,1,,1725,1619,1568,1644,1822,1817,35.653,53.091,61.523,48.994,18.256,14.205,1550,1467,1367,1308,1375,1097,0,0,0,0,0,0
1.4024,1,1,,1720,1609,1566,1637,1817,1813,36.497,54.844,61.960,50.107,18.829,14.698,1550,1467,1367,1307,1375,1097,0,0,0,0,0,0
1.4344,1,1,,1733,1623,1577,1646,1818,1817,34.208,52.504,60.037,48.702,18.635,14.207,1550,1467,1367,1307,1375,1097,0,0,0,0,0,0
1.4704,1,1,,1735,1619,1569,1647,1815,1817,34.025,53.123,61.357,48.530,19.074,14.193,1550,1467,1367,1307,1375,1097,0,0,0,0,0,0
1.5024,1,1,,1730,1617,1572,1643,1815,1805,34.736,53.494,60.933,49.084,18.998,15.648,1550,1467,1367,1307,1375,1097,0,0,0,0,0,0
1.5344,1,1,,1741,1616,1575,1656,1816,1821,33.024,53.667,60.340,47.064,18.915,13.701,1550,1467,1367,1307,1375,1097,0,0,0,0,0,0
1.5704,1,1,,1733,1616,1575,1652,1815,1803,34.289,53.554,60.399,47.660,19.052,15.929,1550,1467,1367,1307,1375,1097,0,0,0,0,0,0
1.6024,1,1,,1730,1621,1586,1660,1813,1797,34.767,52.817,58.600,46.430,19.216,16.772,1550,1467,1367,1307,1375,1097,0,0,0,0,0,0
1.6344,1,1,,1728,1620,1585,1660,1811,1802,35.181,53.008,58.757,46.347,19.450,16.039,1550,1467,1367,1307,1375,1097,0,0,0,0,0,0
1.6704,1,1,,1733,1630,1598,1666,1816,1798,34.249,51.303,56.569,45.358,18.861,16.565,1550,1467,1367,1307,1375,1097,0,0,0,0,0,0
1.7024,1,1,,1724,1623,1595,1671,1810,1800,35.742,52.406,57.062,44.609,19.604,16.367,1550,1467,1367,1307,1375,1097,0,0,0,0,0,0
1.7344,1,1,,1732,1633,1605,1673,1806,1807,34.365,50.809,55.475,44.266,20.080,15.448,1550,1467,1367,1307,1375,1097,0,0,0,0,0,0
1.7704,1,1,,1737,1624,1606,1679,1810,1819,33.632,52.311,55.248,43.273,19.542,13.960,1550,1467,1367,1307,1375,1097,0,0,0,0,0,0
1.8024,1,1,,1741,1627,1609,1685,1820,1829,32.951,51.761,54.742,42.206,18.429,12.659,1550,1467,1367,1307,1375,1097,0,0,0,0,0,0
1.8349,1,1,,1737,1627,1614,1689,1814,1826,33.532,51.881,53.924,41.530,19.145,13.026,1550,1467,1367,1307,1375,1097,0,0,0,0,0,0
1.8704,1,1,,1730,1627,1622,1703,1828,1803,34.707,51.836,52.649,39.289,17.560,15.995,1550,1467,1367,1307,1375,1097,0,0,0,0,0,0
1.9024,1,1,,1727,1624,1612,1696,1826,1793,35.272,52.268,54.255,40.437,17.748,17.240,1550,1467,1367,1307,1375,1097,0,0,0,0,0,0
1.9344,1,1,,1732,1627,1619,1695,1803,1790,34.430,51.822,53.136,40.502,20.391,17.624,1550,1467,1367,1307,1375,1097,0,0,0,0,0,0
1.9704,1,1,,1733,1632,1625,1695,1797,1785,34.329,50.996,52.187,40.626,21.067,18.263,1550,1467,1367,1307,1375,1097,0,0,0,0,0,0
2.0024,1,1,,1733,1630,1626,1698,1800,1784,34.223,51.260,52.009,40.055,20.758,18.453,1550,1467,1367,1307,1375,1097,0,0,0,0,0,0
2.0344,1,1,,1739,1628,1626,1692,1802,1805,33.352,51.658,52.054,41.116,20.573,15.655,1550,1467,1367,1307,1375,1097,0,0,0,0,0,0
2.0704,1,1,,1736,1629,1624,1689,1804,1803,33.735,51.442,52.304,41.534,20.333,15.949,1550,1467,1367,1307,1375,1097,0,0,0,0,0,0
2.1029,1,1,,1736,1628,1630,1695,1805,1784,33.840,51.643,51.350,40.576,20.204,18.352,1550,1467,1367,1307,1375,1097,0,0,0,0,0,0
2.1344,1,1,,1734,1622,1624,1694,1810,1785,34.033,52.665,52.240,40.753,19.601,18.226,1550,1467,1367,1307,1375,1097,0,0,0,0,0,0
2.1704,1,1,,1733,1624,1623,1704,1822,1790,34.307,52.238,52.545,39.114,18.211,17.599,1550,1467,1367,1307,1375,1097,0,0,0,0,0,0
2.2024,1,1,,1738,1623,1620,1704,1820,1801,33.452,52.474,52.892,39.052,18.386,16.251,1550,1467,1367,1307,1375,1097,0,0,0,0,0,0
2.2344,1,1,,1730,1614,1614,1699,1824,1794,34.805,53.880,53.907,39.977,17.970,17.061,1550,1467,1367,1307,1375,1097,0,0,0,0,0,0
2.2704,1,1,,1739,1623,1618,1708,1819,1790,33.330,52.547,53.226,38.433,18.603,17.641,1550,1467,1367,1307,1375,1097,0,0,0,0,0,0
2.3024,1,1,,1734,1617,1618,1701,1816,1791,34.119,53.504,53.258,39.494,18.876,17.467,1550,1467,1367,1307,1375,1097,0,0,0,0,0,0
2.3344,1,1,,1730,1612,1614,1696,1820,1785,34.759,54.226,53.917,40.344,18.416,18.238,1550,1467,1367,1307,1375,1097,0,0,0,0,0,0
2.3704,1,1,,1722,1609,1616,1700,1821,1772,36.098,54.814,53.554,39.811,18.287,19.958,1550,1467,1367,1307,1375,1097,0,0,0,0,0,0
2.4024,1,1,,1727,1611,1617,1692,1817,1777,35.268,54.536,53.541,41.067,18.734,19.355,1550,1467,1367,1307,1375,1097,0,0,0,0,0,0
2.4344,1,1,,1728,1610,1617,1693,1813,1760,35.156,54.579,53.438,40.837,19.207,21.489,1550,1467,1367,1307,1375,1097,0,0,0,0,0,0
2.4704,1,1,,1728,1614,1620,1700,1818,1764,35.151,53.940,52.992,39.756,18.681,20.949,1550,1467,1367,1307,1375,1097,0,0,0,0,0,0
2.5024,1,1,,1723,1616,1621,1700,1812,1743,35.991,53.640,52.830,39.672,19.365,23.695,1550,1467,1367,1307,1375,1097,0,0,0,0,0,0
2.5344,1,1,,1725,1613,1618,1698,1808,1733,35.662,54.165,53.251,40.136,19.850,24.887,1550,1467,1367,1308,1375,1097,0,0,0,0,0,0
2.5704,1,1,,1728,1619,1621,1698,1801,1751,35.121,53.203,52.744,40.045,20.637,22.636,1550,1467,1367,1308,1375,1097,0,0,0,0,0,0
2.6024,1,1,,1728,1618,1618,1694,1808,1735,35.085,53.366,53.369,40.722,19.884,24.704,1550,1467,1367,1307,1375,1097,0,0,0,0,0,0
2.6344,1,1,,1735,1615,1615,1696,1807,1744,33.920,53.749,53.719,40.410,19.949,23.477,1550,1467,1367,1307,1375,1097,0,0,0,0,0,0
2.6704,1,1,,1739,1617,1612,1705,1809,1750,33.275,53.489,54.298,38.887,19.708,22.770,1550,1467,1367,1307,1375,1097,0,0,0,0,0,0
2.7024,1,1,,1737,1618,1612,1706,1815,1752,33.571,53.262,54.284,38.710,19.039,22.560,1550,1467,1367,1307,1375,1097,0,0,0,0,0,0
2.7344,1,1,,1745,1621,1613,1706,1808,1756,32.238,52.762,54.053,38.756,19.778,22.040,1550,1467,1367,1307,1375,1097,0,0,0,0,0,0
2.7824,1,1,,1740,1612,1609,1699,1808,1756,33.197,54.318,54.753,39.871,19.851,22.046,1550,1467,1367,1307,1375,1097,0,0,0,0,0,0
2.8144,1,1,,1742,1618,1609,1703,1811,1758,32.758,53.315,54.813,39.156,19.433,21.693,1550,1467,1367,1307,1375,1097,0,0,0,0,0,0
2.8344,1,1,,1742,1619,1617,1705,1813,1734,32.780,53.184,53.486,38.870,19.227,24.848,1550,1467,1367,1307,1375,1097,0,0,0,0,0,0
2.8704,1,1,,1742,1621,1618,1708,1807,1733,32.830,52.826,53.283,38.368,19.952,24.969,1550,1467,1367,1307,1375,1097,0,0,0,0,0,0
2.9024,1,1,,1740,1615,1613,1704,1803,1744,33.195,53.721,54.113,39.131,20.409,23.488,1550,1467,1367,1307,1375,1097,0,0,0,0,0,0
2.9344,1,1,,1743,1620,1618,1702,1804,1737,32.660,52.898,53.358,39.439,20.288,24.446,1550,1467,1367,1307,1375,1097,0,0,0,0,0,0
2.9824,1,1,,1742,1625,1624,1706,1803,1734,32.809,52.095,52.327,38.817,20.405,24.848,1550,1467,1367,1307,1375,1097,0,0,0,0,0,0
3.0144,1,1,,1747,1624,1619,1707,1806,1742,31.978,52.263,53.076,38.547,20.034,23.844,1550,1467,1367,1307,1375,1097,0,0,0,0,0,0
3.0344,1,1,,1746,1626,1624,1708,1802,1749,32.124,51.933,52.319,38.333,20.531,22.825,1550,1467,1367,1307,1375,1097,0,0,0,0,0,0
3.0824,1,1,,1739,1623,1620,1705,1811,1756,33.301,52.545,52.958,38.947,19.511,21.982,1550,1467,1367,1307,1375,1097,0,0,0,0,0,0
3.1024,1,1,,1738,1623,1619,1706,1812,1756,33.457,52.508,53.185,38.783,19.377,21.970,1550,1467,1367,1307,1375,1097,0,0,0,0,0,0
3.1344,1,1,,1741,1620,1616,1701,1810,1767,32.911,52.933,53.598,39.611,19.594,20.615,1550,1467,1367,1307,1375,1097,0,0,0,0,0,0
3.1704,1,1,,1737,1620,1615,1701,1814,1759,33.568,52.886,53.792,39.535,19.124,21.610,1550,1467,1367,1307,1375,1097,0,0,0,0,0,0
3.2024,1,1,,1744,1625,1620,1705,1817,1761,32.430,52.223,53.031,38.987,18.739,21.314,1550,1467,1367,1307,1375,1097,0,0,0,0,0,0
3.2344,1,1,,1748,1626,1619,1708,1817,1754,31.843,52.037,53.150,38.442,18.829,22.186,1550,1467,1367,1307,1375,1097,0,0,0,0,0,0
3.2704,1,1,,1752,1629,1620,1708,1808,1750,31.090,51.405,53.048,38.382,19.851,22.779,1550,1467,1367,1307,1375,1097,0,0,0,0,0,0
3.3144,1,1,,1750,1630,1618,1704,1808,1746,31.419,51.347,53.355,39.041,19.823,23.261,1550,1467,1367,1307,1375,1097,0,0,0,0,0,0
3.3344,1,1,,1747,1634,1622,1705,1811,1749,31.892,50.669,52.613,38.943,19.521,22.897,1550,1467,1367,1307,1375,1097,0,0,0,0,0,0
3.3724,1,1,,1754,1638,1627,1707,1809,1746,30.795,49.967,51.848,38.573,19.729,23.265,1550,1467,1367,1307,1375,1097,0,0,0,0,0,0
3.4024,1,1,,1747,1630,1621,1707,1806,1767,32.039,51.391,52.831,38.592,20.012,20.556,1550,1467,1367,1307,1375,1097,0,0,0,0,0,0
3.4364,1,1,,1753,1637,1620,1711,1808,1736,30.916,50.103,52.945,37.993,19.822,24.526,1550,1467,1367,1307,1375,1097,0,0,0,0,0,0
3.4704,1,1,,1751,1639,1622,1710,1814,1742,31.362,49.833,52.557,38.161,19.108,23.766,1550,1467,1367,1307,1375,1097,0,0,0,0,0,0
3.5029,1,1,,1742,1632,1618,1707,1814,1744,32.724,50.904,53.354,38.645,19.117,23.474,1550,1467,1367,1307,1375,1097,0,0,0,0,0,0
3.5344,1,1,,1743,1636,1624,1708,1812,1733,32.696,50.270,52.368,38.474,19.360,24.979,1550,1467,1367,1307,1375,1097,0,0,0,0,0,0
3.5704,1,1,,1745,1639,1625,1710,1804,1742,32.288,49.815,52.212,38.000,20.334,23.771,1550,1467,1367,1307,1375,1097,0,0,0,0,0,0
3.6024,1,1,,1749,1635,1622,1707,1807,1745,31.612,50.500,52.651,38.626,19.973,23.414,1550,1467,1367,1308,1375,1097,0,0,0,0,0,0
3.6344,1,1,,1756,1640,1626,1706,1806,1744,30.542,49.666,51.952,38.765,20.012,23.576,1550,1467,1367,1307,1375,1097,0,0,0,0,0,0
3.6704,1,1,,1758,1639,1628,1697,1793,1754,30.190,49.840,51.654,40.236,21.550,22.302,1550,1467,1367,1307,1375,1097,0,0,0,0,0,0
3.7144,1,1,,1752,1636,1628,1696,1799,1751,31.148,50.296,51.705,40.366,20.877,22.568,1550,1467,1367,1307,1375,1097,0,0,0,0,0,0
3.7344,1,1,,1748,1638,1627,1700,1808,1759,31.753,49.962,51.855,39.681,19.858,21.666,1550,1467,1367,1307,1375,1097,0,0,0,0,0,0
3.7704,1,1,,1757,1643,1633,1704,1806,1747,30.326,49.106,50.784,39.131,20.104,23.186,1550,1467,1367,1307,1375,1097,0,0,0,0,0,0
3.8024,1,1,,1751,1636,1627,1703,1814,1758,31.300,50.361,51.786,39.259,19.129,21.706,1550,1467,1367,1307,1375,1097,0,0,0,0,0,0
3.8344,1,1,,1754,1637,1627,1701,1808,1746,30.719,50.217,51.734,39.552,19.869,23.238,1550,1467,1367,1307,1375,1097,0,0,0,0,0,0
3.8704,1,1,,1755,1639,1631,1706,1804,1745,30.567,49.744,51.133,38.772,20.292,23.391,1550,1467,1367,1307,1375,1097,0,0,0,0,0,0
3.9024,1,1,,1757,1637,1627,1702,1810,1747,30.314,50.110,51.804,39.439,19.579,23.132,1550,1467,1367,1307,1375,1097,0,0,0,0,0,0
3.9369,1,1,,1756,1641,1634,1703,1801,1737,30.441,49.421,50.694,39.186,20.625,24.415,1550,1467,1367,1307,1375,1097,0,0,0,0,0,0
3.9704,1,1,,1756,1645,1634,1704,1797,1731,30.450,48.873,50.691,39.139,21.163,25.229,1550,1467,1367,1307,1375,1097,0,0,0,0,0,0
4.0024,1,1,,1755,1641,1633,1700,1810,1736,30.697,49.433,50.819,39.667,19.594,24.493,1550,1467,1367,1307,1375,1097,0,0,0,0,0,0
4.0344,1,1,,1757,1646,1635,1708,1809,1739,30.280,48.735,50.517,38.488,19.723,24.214,1550,1467,1367,1307,1375,1097,0,0,0,0,0,0
4.0704,1,1,,1762,1645,1636,1705,1804,1753,29.512,48.810,50.395,38.972,20.320,22.392,1550,1467,1367,1307,1375,1097,0,0,0,0,0,0
4.1024,1,1,,1757,1641,1633,1700,1801,1766,30.326,49.543,50.806,39.652,20.682,20.701,1550,1467,1367,1307,1375,1097,0,0,0,0,0,0
4.1344,1,1,,1752,1631,1629,1696,1798,1767,31.182,51.157,51.521,40.357,20.981,20.547,1550,1467,1367,1307,1375,1097,0,0,0,0,0,0
4.1704,1,1,,1754,1638,1632,1698,1800,1750,30.830,49.957,51.037,40.048,20.791,22.756,1550,1467,1367,1307,1375,1097,0,0,0,0,0,0
4.2024,1,1,,1762,1636,1631,1702,1798,1763,29.433,50.255,51.074,39.440,21.013,21.141,1550,1467,1367,1308,1375,1097,0,0,0,0,0,0
4.2464,1,1,,1765,1641,1634,1708,1804,1752,29.060,49.504,50.656,38.329,20.248,22.462,1550,1467,1367,1307,1375,1097,0,0,0,0,0,0
4.2704,1,1,,1755,1635,1635,1707,1801,1761,30.575,50.436,50.406,38.590,20.594,21.395,1550,1467,1367,1307,1375,1097,0,0,0,0,0,0
4.3024,1,1,,1762,1639,1635,1704,1795,1756,29.548,49.864,50.420,39.025,21.385,22.028,1550,1467,1367,1307,1375,1097,0,0,0,0,0,0
4.3344,1,1,,1760,1638,1629,1707,1803,1750,29.783,49.962,51.491,38.545,20.454,22.777,1550,1467,1367,1307,1375,1097,0,0,0,0,0,0
4.3704,1,1,,1760,1639,1630,1713,1801,1753,29.741,49.857,51.358,37.565,20.679,22.404,1550,1467,1367,1307,1375,1097,0,0,0,0,0,0
4.4024,1,1,,1760,1638,1627,1708,1801,1753,29.755,50.033,51.843,38.404,20.646,22.335,1550,1467,1367,1307,1375,1097,0,0,0,0,0,0
4.4344,1,1,,1758,1637,1627,1709,1805,1759,30.117,50.093,51.797,38.245,20.200,21.562,1550,1467,1367,1307,1375,1097,0,0,0,0,0,0
4.4704,1,1,,1759,1643,1629,1712,1798,1751,30.015,49.105,51.420,37.728,20.985,22.643,1550,1467,1367,1307,1375,1097,0,0,0,0,0,0
4.5024,1,1,,1758,1641,1627,1712,1806,1744,30.057,49.485,51.807,37.683,20.023,23.541,1550,1467,1367,1307,1375,1097,0,0,0,0,0,0
4.5464,1,1,,1752,1639,1629,1710,1806,1723,31.074,49.859,51.558,38.143,20.015,26.202,1550,1467,1367,1307,1375,1097,0,0,0,0,0,0
4.5704,1,1,,1754,1640,1630,1715,1802,1745,30.842,49.597,51.389,37.288,20.548,23.435,1550,1467,1367,1307,1375,1097,0,0,0,0,0,0
4.6024,1,1,,1762,1639,1626,1720,1810,1738,29.539,49.789,51.939,36.449,19.649,24.254,1550,1467,1367,1307,1375,1097,0,0,0,0,0,0
4.6344,1,1,,1762,1639,1623,1719,1814,1744,29.559,49.820,52.444,36.547,19.092,23.560,1550,1467,1367,1307,1375,1097,0,0,0,0,0,0
4.6704,1,1,,1749,1638,1622,1714,1815,1723,31.659,50.023,52.716,37.389,18.985,26.169,1550,1467,1367,1307,1375,1097,0,0,0,0,0,0
4.7024,1,1,,1757,1639,1626,1721,1817,1723,30.249,49.768,51.961,36.239,18.821,26.156,1550,1467,1367,1307,1375,1097,0,0,0,0,0,0
4.7344,1,1,,1753,1642,1627,1716,1813,1729,30.967,49.320,51.763,37.148,19.225,25.408,1550,1467,1367,1307,1375,1097,0,0,0,0,0,0
4.7704,1,1,,1761,1643,1627,1714,1804,1737,29.615,49.181,51.757,37.424,20.340,24.443,1550,1467,1367,1308,1375,1097,0,0,0,0,0,0
4.8024,1,1,,1757,1643,1630,1707,1811,1735,30.356,49.239,51.244,38.557,19.505,24.675,1550,1467,1367,1307,1375,1097,0,0,0,0,0,0
4.8344,1,1,,1754,1643,1625,1701,1806,1742,30.748,49.224,52.178,39.547,20.026,23.774,1550,1467,1367,1307,1375,1097,0,0,0,0,0,0
4.8824,1,1,,1760,1640,1623,1712,1815,1761,29.786,49.686,52.540,37.703,18.993,21.298,1550,1467,1367,1307,1375,1097,0,0,0,0,0,0
4.9144,1,1,,1755,1648,1625,1716,1812,1749,30.587,48.306,52.185,37.023,19.347,22.942,1550,1467,1367,1307,1375,1097,0,0,0,0,0,0
4.9464,1,1,,1764,1652,1626,1720,1817,1751,29.083,47.632,52.016,36.404,18.826,22.576,1550,1467,1367,1307,1375,1097,0,0,0,0,0,0
4.9824,1,1,,1769,1656,1628,1724,1815,1739,28.314,46.979,51.639,35.828,19.028,24.118,1550,1467,1367,1307,1375,1097,0,0,0,0,0,0
5.0144,1,1,,1758,1649,1624,1714,1814,1749,30.098,48.133,52.372,37.435,19.175,22.895,1550,1467,1367,1307,1375,1097,0,0,0,0,0,0
5.0344,1,1,,1765,1659,1633,1722,1817,1746,28.958,46.450,50.796,36.083,18.754,23.293,1550,1467,1367,1307,1375,1097,0,0,0,0,0,0
5.0824,1,1,,1772,1656,1628,1724,1816,1760,27.792,46.978,51.571,35.795,18.911,21.533,1550,1467,1367,1307,1375,1097,0,0,0,0,0,0
5.1024,1,1,,1770,1652,1626,1718,1820,1760,28.132,47.741,52.054,36.832,18.490,21.441,1550,1467,1367,1307,1375,1097,0,0,0,0,0,0
5.1344,1,1,,1770,1651,1627,1718,1822,1770,28.231,47.779,51.831,36.828,18.180,20.148,1550,1467,1367,1307,1375,1097,0,0,0,0,0,0
5.1825,1,1,,1767,1653,1628,1720,1820,1764,28.728,47.495,51.628,36.452,18.482,20.992,1550,1467,1367,1307,1375,1097,0,0,0,0,0,0
5.2024,1,1,,1764,1648,1624,1713,1819,1767,29.198,48.371,52.355,37.653,18.496,20.540,1550,1467,1367,1307,1375,1097,0,0,0,0,0,0
5.2349,1,1,,1763,1649,1626,1713,1814,1756,29.339,48.143,51.992,37.560,19.150,21.934,1550,1467,1367,1307,1375,1097,0,0,0,0,0,0
5.2704,1,1,,1763,1648,1624,1711,1814,1755,29.325,48.339,52.369,37.924,19.185,22.080,1550,1467,1367,1307,1375,1097,0,0,0,0,0,0
5.3024,1,1,,1765,1649,1622,1713,1815,1749,28.964,48.182,52.634,37.641,19.046,22.872,1550,1467,1367,1307,1375,1097,0,0,0,0,0,0
5.3464,1,1,,1762,1646,1620,1707,1809,1731,29.460,48.624,52.933,38.541,19.709,25.130,1550,1467,1367,1307,1375,1097,0,0,0,0,0,0
5.3704,1,1,,1756,1644,1625,1707,1809,1721,30.525,48.998,52.144,38.511,19.682,26.520,1550,1467,1367,1307,1375,1097,0,0,0,0,0,0
5.4024,1,1,,1760,1647,1625,1712,1803,1739,29.724,48.576,52.213,37.694,20.436,24.198,1550,1467,1367,1307,1375,1097,0,0,0,0,0,0
5.4344,1,1,,1759,1647,1623,1707,1807,1734,29.956,48.513,52.454,38.564,19.898,24.798,1550,1467,1367,1307,1375,1097,0,0,0,0,0,0
5.4704,1,1,,1762,1645,1622,1713,1805,1747,29.452,48.859,52.641,37.634,20.142,23.122,1550,1467,1367,1307,1375,1097,0,0,0,0,0,0
5.5024,1,1,,1765,1648,1625,1712,1808,1758,28.946,48.366,52.161,37.697,19.776,21.698,1550,1467,1367,1307,1375,1097,0,0,0,0,0,0
5.5344,1,1,,1762,1652,1626,1718,1815,1757,29.504,47.715,51.924,36.805,18.961,21.807,1550,1467,1367,1307,1375,1097,0,0,0,0,0,0
5.5704,1,1,,1765,1654,1626,1717,1812,1751,28.898,47.398,51.950,36.866,19.362,22.569,1550,1467,1367,1307,1375,1097,0,0,0,0,0,0
5.6024,1,1,,1758,1650,1624,1715,1808,1749,30.107,48.072,52.225,37.267,19.872,22.855,1550,1467,1367,1307,1375,1097,0,0,0,0,0,0
5.6344,1,1,,1763,1656,1626,1715,1806,1738,29.316,47.077,51.927,37.269,20.035,24.274,1550,1467,1367,1307,1375,1097,0,0,0,0,0,0
5.6704,1,1,,1767,1655,1626,1714,1817,1749,28.731,47.239,51.945,37.401,18.747,22.822,1550,1467,1367,1307,1375,1096,0,0,0,0,0,0
5.7024,1,1,,1762,1655,1627,1712,1814,1740,29.397,47.197,51.881,37.776,19.144,24.010,1550,1467,1367,1307,1375,1097,0,0,0,0,0,0
5.7344,1,1,,1764,1653,1623,1710,1812,1731,29.070,47.518,52.516,38.161,19.348,25.177,1550,1467,1367,1307,1375,1097,0,0,0,0,0,0
5.7704,1,1,,1765,1657,1623,1710,1812,1729,28.981,46.849,52.468,38.107,19.375,25.393,1550,1467,1367,1307,1375,1097,0,0,0,0,0,0
5.8024,1,1,,1760,1656,1619,1703,1811,1728,29.801,46.949,53.120,39.158,19.426,25.576,1550,1467,1367,1307,1375,1097,0,0,0,0,0,0
5.8344,1,1,,1765,1650,1618,1703,1816,1740,29.004,47.929,53.218,39.261,18.863,24.068,1550,1467,1367,1307,1375,1097,0,0,0,0,0,0
5.8704,1,1,,1764,1653,1618,1704,1814,1738,29.099,47.466,53.374,39.059,19.140,24.289,1550,1467,1367,1307,1375,1097,0,0,0,0,0,0
5.9024,1,1,,1764,1652,1624,1711,1815,1740,29.082,47.610,52.305,37.939,19.036,23.995,1550,1467,1367,1307,1375,1097,0,0,0,0,0,0
5.9344,1,1,,1771,1653,1624,1714,1815,1749,27.979,47.568,52.254,37.385,19.037,22.878,1550,1467,1367,1307,1375,1097,0,0,0,0,0,0
5.9704,1,1,,1764,1653,1624,1714,1816,1750,29.213,47.439,52.244,37.430,18.923,22.723,1550,1467,1367,1307,1375,1097,0,0,0,0,0,0
6.0144,1,1,,1759,1656,1621,1713,1823,1747,30.049,46.935,52.846,37.526,18.037,23.117,1550,1467,1367,1307,1375,1097,0,0,0,0,0,0
6.0344,1,1,,1761,1654,1628,1716,1824,1754,29.650,47.338,51.689,37.043,17.912,22.279,1550,1467,1367,1308,1375,1097,0,0,0,0,0,0
6.0824,1,1,,1760,1653,1630,1718,1828,1761,29.884,47.478,51.281,36.753,17.448,21.316,1550,1467,1367,1308,1375,1097,0,0,0,0,0,0
6.1024,1,1,,1768,1659,1631,1721,1819,1737,28.559,46.524,51.093,36.211,18.597,24.359,1550,1467,1367,1307,1375,1097,0,0,0,0,0,0
6.1344,1,1,,1763,1651,1624,1711,1820,1741,29.382,47.837,52.336,37.873,18.443,23.895,1550,1467,1367,1307,1375,1097,0,0,0,0,0,0
6.1824,1,1,,1760,1649,1621,1714,1811,1738,29.842,48.096,52.738,37.412,19.438,24.314,1550,1467,1367,1307,1375,1097,0,0,0,0,0,0
6.2024,1,1,,1770,1647,1619,1713,1815,1747,28.107,48.431,53.068,37.522,19.006,23.197,1550,1467,1367,1307,1375,1097,0,0,0,0,0,0
6.2344,1,1,,1774,1647,1618,1715,1826,1741,27.438,48.559,53.275,37.207,17.774,23.875,1550,1467,1367,1308,1375,1097,0,0,0,0,0,0
6.2824,1,1,,1768,1647,1615,1709,1824,1741,28.472,48.527,53.731,38.203,17.997,23.951,1550,1467,1367,1307,1375,1097,0,0,0,0,0,0
6.3024,1,1,,1775,1652,1625,1720,1819,1744,27.351,47.623,52.078,36.406,18.543,23.525,1550,1467,1367,1307,1375,1097,0,0,0,0,0,0
6.3464,1,1,,1773,1645,1617,1709,1817,1726,27.659,48.755,53.389,38.193,18.758,25.847,1550,1467,1367,1307,1375,1097,0,0,0,0,0,0
6.3824,1,1,,1779,1651,1618,1711,1820,1720,26.689,47.758,53.234,37.857,18.406,26.663,1550,1467,1367,1308,1375,1097,0,0,0,0,0,0
6.4024,1,1,,1784,1652,1619,1710,1816,1715,25.845,47.678,53.090,38.110,18.946,27.190,1550,1467,1367,1307,1375,1097,0,0,0,0,0,0
6.4344,1,1,,1777,1651,1616,1706,1821,1713,26.935,47.835,53.665,38.745,18.372,27.552,1550,1467,1367,1307,1375,1096,0,0,0,0,0,0
6.4704,1,1,,1779,1651,1620,1702,1819,1722,26.647,47.811,53.023,39.386,18.535,26.350,1550,1467,1367,1308,1375,1097,0,0,0,0,0,0
6.5024,1,1,,1769,1649,1622,1700,1827,1735,28.332,48.235,52.699,39.657,17.582,24.706,1550,1467,1367,1307,1375,1097,0,0,0,0,0,0
6.5344,1,1,,1771,1647,1621,1705,1814,1736,27.961,48.496,52.737,38.839,19.159,24.534,1550,1467,1367,1307,1375,1097,0,0,0,0,0,0
6.5824,1,1,,1764,1649,1620,1707,1821,1744,29.088,48.158,52.976,38.625,18.314,23.539,1550,1467,1367,1307,1375,1097,0,0,0,0,0,0
6.6024,1,1,,1769,1644,1618,1712,1820,1745,28.318,49.003,53.344,37.690,18.399,23.443,1550,1467,1367,1307,1375,1097,0,0,0,0,0,0
6.6344,1,1,,1762,1639,1615,1704,1820,1737,29.558,49.810,53.870,39.068,18.395,24.440,1550,1467,1367,1307,1375,1097,0,0,0,0,0,0
6.6704,1,1,,1766,1641,1612,1706,1824,1741,28.887,49.556,54.307,38.670,17.957,23.867,1550,1467,1367,1307,1375,1097,0,0,0,0,0,0
6.7024,1,1,,1761,1640,1615,1701,1822,1728,29.672,49.630,53.868,39.570,18.218,25.568,1550,1467,1367,1307,1375,1097,0,0,0,0,0,0
6.7344,1,1,,1768,1642,1614,1706,1821,1728,28.513,49.281,54.032,38.717,18.281,25.551,1550,1467,1367,1307,1375,1097,0,0,0,0,0,0
6.7704,1,1,,1770,1638,1611,1701,1812,1730,28.100,50.014,54.525,39.583,19.329,25.291,1550,1467,1367,1307,1375,1097,0,0,0,0,0,0
6.8024,1,1,,1770,1639,1610,1703,1822,1723,28.089,49.816,54.680,39.300,18.211,26.237,1550,1467,1367,1307,1375,1097,0,0,0,0,0,0
6.8344,1,1,,1762,1636,1607,1698,1827,1725,29.472,50.256,55.053,40.067,17.591,25.948,1550,1467,1367,1307,1375,1097,0,0,0,0,0,0
6.8704,1,1,,1770,1643,1612,1705,1820,1723,28.141,49.104,54.270,38.944,18.423,26.204,1550,1467,1367,1307,1375,1097,0,0,0,0,0,0
6.9024,1,1,,1760,1641,1617,1703,1821,1718,29.803,49.473,53.462,39.253,18.314,26.811,1550,1467,1367,1307,1375,1097,0,0,0,0,0,0
6.9344,1,1,,1760,1642,1610,1702,1823,1722,29.780,49.343,54.569,39.400,18.112,26.307,1550,1467,1367,1308,1375,1097,0,0,0,0,0,0
6.9704,1,1,,1756,1641,1610,1698,1825,1730,30.536,49.511,54.554,40.067,17.896,25.364,1550,1467,1367,1307,1375,1097,0,0,0,0,0,0
7.0024,1,1,,1756,1643,1607,1695,1824,1729,30.409,49.228,55.049,40.526,17.991,25.386,1550,1467,1367,1307,1375,1097,0,0,0,0,0,0
7.0404,1,1,,1752,1635,1603,1698,1828,1739,31.078,50.505,55.805,40.116,17.449,24.168,1550,1467,1367,1307,1375,1097,0,0,0,0,0,0
7.0704,1,1,,1749,1641,1609,1696,1825,1737,31.668,49.561,54.801,40.449,17.806,24.429,1550,1467,1367,1307,1375,1097,0,0,0,0,0,0
7.1024,1,1,,1750,1643,1609,1698,1830,1737,31.503,49.206,54.847,39.995,17.281,24.381,1550,1467,1367,1307,1375,1097,0,0,0,0,0,0
7.1384,1,1,,1750,1640,1609,1699,1821,1742,31.475,49.642,54.859,39.888,18.309,23.765,1550,1467,1367,1307,1375,1097,0,0,0,0,0,0
7.1704,1,1,,1758,1643,1611,1703,1822,1745,30.182,49.082,54.487,39.258,18.207,23.437,1550,1467,1367,1307,1375,1097,0,0,0,0,0,0
7.2024,1,1,,1748,1645,1611,1703,1829,1746,31.736,48.837,54.439,39.182,17.443,23.247,1550,1467,1367,1307,1375,1097,0,0,0,0,0,0
7.2344,1,1,,1750,1641,1609,1701,1826,1752,31.438,49.512,54.807,39.514,17.725,22.541,1550,1467,1367,1307,1375,1097,0,0,0,0,0,0
7.2704,1,1,,1755,1642,1607,1707,1823,1742,30.652,49.408,55.079,38.602,18.057,23.834,1550,1467,1367,1307,1375,1097,0,0,0,0,0,0
7.3024,1,1,,1752,1640,1609,1705,1823,1758,31.130,49.615,54.763,38.920,18.074,21.710,1550,1467,1367,1307,1375,1097,0,0,0,0,0,0
7.3344,1,1,,1751,1642,1609,1702,1823,1742,31.303,49.373,54.738,39.348,18.056,23.843,1550,1467,1367,1308,1375,1097,0,0,0,0,0,0
7.3704,1,1,,1755,1643,1613,1697,1816,1739,30.558,49.161,54.083,40.308,18.910,24.171,1550,1467,1367,1307,1375,1097,0,0,0,0,0,0
7.4024,1,1,,1745,1644,1614,1692,1820,1741,32.242,49.077,54.042,41.054,18.416,23.907,1550,1467,1367,1307,1375,1097,0,0,0,0,0,0
7.4344,1,1,,1744,1648,1618,1694,1816,1732,32.443,48.364,53.324,40.728,18.889,25.104,1550,1467,1367,1307,1375,1097,0,0,0,0,0,0
7.4824,1,1,,1745,1644,1612,1692,1813,1738,32.361,48.985,54.285,41.065,19.270,24.251,1550,1467,1367,1307,1375,1097,0,0,0,0,0,0
7.5024,1,1,,1751,1649,1615,1695,1814,1735,31.235,48.201,53.800,40.564,19.128,24.669,1550,1467,1367,1307,1375,1097,0,0,0,0,0,0
7.5344,1,1,,1750,1646,1612,1698,1819,1744,31.405,48.628,54.222,40.146,18.578,23.496,1550,1467,1367,1307,1375,1097,0,0,0,0,0,0
7.5704,1,1,,1750,1650,1616,1702,1816,1737,31.455,48.081,53.605,39.370,18.956,24.431,1550,1467,1367,1308,1375,1097,0,0,0,0,0,0
7.6024,1,1,,1747,1645,1612,1699,1820,1743,32.035,48.806,54.362,39.977,18.481,23.700,1550,1467,1367,1307,1375,1097,0,0,0,0,0,0
7.6344,1,1,,1752,1645,1613,1697,1813,1742,31.118,48.766,54.068,40.167,19.193,23.757,1550,1467,1367,1307,1375,1097,0,0,0,0,0,0
7.6824,1,1,,1744,1642,1613,1696,1813,1738,32.414,49.248,54.077,40.325,19.198,24.283,1550,1467,1367,1307,1375,1097,0,0,0,0,0,0
7.7024,1,1,,1746,1647,1620,1698,1816,1748,32.063,48.473,52.952,40.124,18.879,23.070,1550,1467,1367,1307,1375,1097,0,0,0,0,0,0
7.7344,1,1,,1750,1645,1620,1698,1818,1746,31.456,48.858,52.912,40.034,18.653,23.306,1550,1467,1367,1307,1375,1097,0,0,0,0,0,0
7.7704,1,1,,1750,1643,1622,1700,1822,1751,31.481,49.148,52.657,39.813,18.240,22.685,1550,1467,1367,1307,1375,1097,0,0,0,0,0,0
7.8144,1,1,,1750,1642,1620,1699,1812,1748,31.481,49.374,52.949,39.865,19.321,22.992,1550,1467,1367,1307,1375,1097,0,0,0,0,0,0
7.8344,1,1,,1747,1639,1619,1699,1813,1755,31.930,49.780,53.145,39.881,19.196,22.092,1550,1467,1367,1307,1375,1097,0,0,0,0,0,0
7.8704,1,1,,1746,1639,1617,1696,1810,1745,32.078,49.801,53.547,40.382,19.639,23.432,1550,1467,1367,1307,1375,1097,0,0,0,0,0,0
7.9024,1,1,,1744,1640,1618,1697,1815,1767,32.503,49.735,53.300,40.196,19.018,20.595,1550,1467,1367,1307,1375,1097,0,0,0,0,0,0
7.9344,1,1,,1754,1640,1615,1700,1811,1752,30.842,49.717,53.795,39.755,19.522,22.488,1550,1467,1367,1307,1375,1097,0,0,0,0,0,0
7.9824,1,1,,1748,1641,1617,1697,1812,1761,31.851,49.473,53.483,40.195,19.345,21.364,1550,1467,1367,1307,1375,1097,0,0,0,0,0,0
8.0144,1,1,,1747,1643,1621,1701,1814,1762,31.959,49.246,52.878,39.521,19.084,21.162,1550,1467,1367,1307,1375,1097,0,0,0,0,0,0
8.0344,1,1,,1750,1643,1621,1701,1814,1764,31.513,49.136,52.776,39.594,19.094,21.018,1550,1467,1367,1307,1375,1097,0,0,0,0,0,0
8.0704,1,1,,1746,1643,1624,1704,1820,1745,32.106,49.168,52.280,39.150,18.456,23.428,1550,1467,1367,1307,1375,1097,0,0,0,0,0,0
8.1024,1,1,,1745,1640,1622,1701,1817,1751,32.279,49.615,52.634,39.635,18.779,22.581,1550,1467,1367,1307,1375,1097,0,0,0,0,0,0
8.1464,1,1,,1746,1635,1615,1696,1814,1737,32.175,50.463,53.814,40.341,19.108,24.383,1550,1467,1367,1307,1375,1097,0,0,0,0,0,0
8.1704,1,1,,1748,1638,1616,1701,1813,1758,31.864,49.980,53.646,39.536,19.203,21.748,1550,1467,1367,1307,1375,1096,0,0,0,0,0,0
8.2024,1,1,,1738,1632,1611,1692,1812,1751,33.402,50.923,54.527,41.054,19.400,22.661,1550,1467,1367,1307,1375,1097,0,0,0,0,0,0
8.2344,1,1,,1749,1641,1618,1694,1813,1758,31.666,49.437,53.324,40.765,19.300,21.741,1550,1467,1367,1307,1375,1097,0,0,0,0,0,0
8.2704,1,1,,1751,1640,1617,1701,1814,1750,31.277,49.689,53.421,39.628,19.149,22.740,1550,1467,1367,1307,1375,1097,0,0,0,0,0,0
8.3024,1,1,,1754,1641,1617,1701,1812,1752,30.764,49.556,53.425,39.608,19.328,22.466,1550,1467,1367,1307,1375,1097,0,0,0,0,0,0
8.3344,1,1,,1754,1641,1618,1701,1811,1758,30.732,49.511,53.352,39.517,19.501,21.784,1550,1467,1367,1307,1375,1097,0,0,0,0,0,0
8.3704,1,1,,1751,1642,1619,1700,1813,1754,31.283,49.398,53.141,39.797,19.193,22.239,1550,1467,1367,1307,1375,1096,0,0,0,0,0,0
8.4024,1,1,,1755,1642,1620,1699,1815,1754,30.627,49.290,52.939,39.858,19.060,22.238,1550,1467,1367,1307,1375,1097,0,0,0,0,0,0
8.4344,1,1,,1744,1643,1622,1698,1816,1766,32.487,49.174,52.684,40.137,18.932,20.706,1550,1467,1367,1307,1375,1097,0,0,0,0,0,0
8.5064,1,1,,1750,1642,1618,1699,1816,1750,31.405,49.286,53.294,39.864,18.875,22.775,1550,1467,1367,1307,1375,1097,0,0,0,0,0,0
8.5364,1,1,,1751,1645,1617,1704,1818,1757,31.324,48.884,53.418,39.006,18.629,21.857,1550,1467,1367,1307,1375,1097,0,0,0,0,0,0
8.5664,1,1,,1749,1647,1620,1705,1828,1769,31.598,48.519,53.042,38.924,17.494,20.277,1550,1467,1367,1307,1375,1097,0,0,0,0,0,0
8.5964,1,1,,1756,1652,1625,1711,1818,1764,30.541,47.685,52.150,37.902,18.635,21.008,1550,1467,1367,1307,1375,1097,0,0,0,0,0,0
8.6204,1,1,,1763,1649,1620,1706,1819,1762,29.253,48.167,52.962,38.713,18.605,21.196,1550,1467,1367,1307,1375,1097,0,0,0,0,0,0
8.6504,1,1,,1748,1651,1620,1704,1824,1759,31.817,47.865,53.012,39.056,18.019,21.579,1550,1467,1367,1307,1375,1097,0,0,0,0,0,0
8.6724,1,1,,1747,1654,1625,1710,1830,1748,31.911,47.385,52.095,38.062,17.253,23.060,1550,1467,1367,1307,1375,1097,0,0,0,0,0,0
8.7044,1,1,,1742,1655,1624,1707,1830,1751,32.747,47.139,52.312,38.557,17.233,22.646,1550,1467,1367,1307,1375,1097,0,0,0,0,0,0
8.7364,1,1,,1748,1652,1617,1709,1830,1751,31.788,47.668,53.491,38.290,17.258,22.592,1550,1467,1367,1307,1375,1097,0,0,0,0,0,0
8.7824,1,1,,1753,1647,1614,1702,1834,1761,30.888,48.426,53.914,39.321,16.807,21.343,1550,1467,1367,1307,1375,1097,0,0,0,0,0,0
8.8024,1,1,,1743,1651,1617,1703,1831,1748,32.634,47.868,53.385,39.284,17.148,23.043,1550,1467,1367,1307,1375,1097,0,0,0,0,0,0
8.8344,1,1,,1742,1646,1614,1702,1836,1754,32.858,48.642,54.000,39.462,16.590,22.295,1550,1467,1367,1307,1375,1097,0,0,0,0,0,0
8.8704,1,1,,1751,1653,1619,1710,1832,1751,31.370,47.492,53.209,38.041,16.986,22.666,1550,1467,1367,1307,1375,1097,0,0,0,0,0,0
8.9024,1,1,,1757,1647,1614,1711,1835,1745,30.349,48.563,53.910,37.975,16.653,23.348,1550,1467,1367,1307,1375,1097,0,0,0,0,0,0
8.9344,1,1,,1759,1646,1616,1706,1829,1750,29.975,48.629,53.649,38.785,17.369,22.720,1550,1467,1367,1307,1375,1097,0,0,0,0,0,0
8.9703,1,1,,1755,1643,1614,1701,1825,1731,30.657,49.238,53.991,39.531,17.808,25.250,1550,1467,1367,1308,1375,1097,0,0,0,0,0,0
9.0023,1,1,,1752,1640,1611,1703,1822,1730,31.123,49.642,54.404,39.308,18.179,25.312,1550,1467,1367,1307,1375,1097,0,0,0,0,0,0
9.0343,1,1,,1755,1641,1609,1704,1826,1741,30.652,49.542,54.841,39.053,17.684,23.955,1550,1467,1367,1308,1375,1097,0,0,0,0,0,0
9.0703,1,1,,1766,1639,1614,1707,1817,1739,28.856,49.785,53.914,38.588,18.775,24.173,1550,1467,1367,1307,1375,1097,0,0,0,0,0,0
9.1084,1,1,,1762,1643,1612,1704,1822,1736,29.459,49.232,54.217,39.057,18.246,24.491,1550,1467,1367,1307,1375,1097,0,0,0,0,0,0
9.1344,1,1,,1759,1646,1618,1707,1823,1729,30.045,48.640,53.293,38.564,18.067,25.458,1550,1467,1367,1307,1375,1097,0,0,0,0,0,0
9.1704,1,1,,1757,1646,1613,1709,1825,1729,30.223,48.654,54.111,38.162,17.804,25.407,1550,1467,1367,1307,1375,1097,0,0,0,0,0,0
9.2024,1,1,,1760,1649,1620,1707,1822,1725,29.861,48.226,52.968,38.506,18.240,25.935,1550,1467,1367,1307,1375,1097,0,0,0,0,0,0
9.2344,1,1,,1765,1643,1610,1706,1816,1746,28.990,49.142,54.609,38.814,18.904,23.262,1550,1467,1367,1307,1375,1097,0,0,0,0,0,0
9.2824,1,1,,1760,1642,1613,1706,1820,1750,29.806,49.348,54.131,38.759,18.422,22.723,1550,1467,1367,1307,1375,1097,0,0,0,0,0,0
9.3023,1,1,,1758,1645,1616,1708,1825,1755,30.178,48.889,53.659,38.357,17.865,22.072,1550,1467,1367,1307,1375,1097,0,0,0,0,0,0
9.3343,1,1,,1754,1646,1613,1708,1826,1756,30.805,48.722,54.169,38.328,17.783,22.005,1550,1467,1367,1307,1375,1097,0,0,0,0,0,0
9.3704,1,1,,1757,1647,1618,1713,1824,1737,30.298,48.472,53.355,37.662,17.917,24.401,1550,1467,1367,1307,1375,1097,0,0,0,0,0,0
9.4024,1,1,,1754,1648,1613,1706,1818,1744,30.761,48.296,54.074,38.658,18.678,23.519,1550,1467,1367,1307,1375,1097,0,0,0,0,0,0
9.4344,1,1,,1758,1649,1615,1709,1823,1731,30.147,48.175,53.819,38.243,18.087,25.235,1550,1467,1367,1307,1375,1097,0,0,0,0,0,0
9.4824,1,1,,1760,1650,1612,1706,1826,1726,29.740,47.970,54.325,38.725,17.792,25.860,1550,1467,1367,1307,1375,1097,0,0,0,0,0,0
9.5024,1,1,,1770,1653,1618,1715,1830,1742,28.202,47.457,53.325,37.269,17.301,23.738,1550,1467,1367,1307,1375,1097,0,0,0,0,0,0
9.5344,1,1,,1769,1652,1617,1713,1826,1749,28.292,47.696,53.543,37.589,17.785,22.826,1550,1467,1367,1307,1375,1097,0,0,0,0,0,0
9.5704,1,1,,1762,1647,1612,1705,1827,1744,29.442,48.532,54.349,38.912,17.655,23.539,1550,1467,1367,1307,1375,1097,0,0,0,0,0,0
9.6024,1,1,,1764,1649,1614,1709,1830,1736,29.118,48.161,53.948,38.264,17.270,24.599,1550,1467,1367,1307,1375,1097,0,0,0,0,0,0
9.6344,1,1,,1765,1648,1611,1710,1828,1738,28.950,48.265,54.487,38.058,17.468,24.276,1550,1467,1367,1307,1375,1097,0,0,0,0,0,0
9.6704,1,1,,1767,1648,1613,1710,1827,1741,28.597,48.300,54.106,38.099,17.659,23.974,1550,1467,1367,1307,1375,1097,0,0,0,0,0,0
9.7044,1,1,,1760,1645,1613,1706,1830,1738,29.821,48.804,54.184,38.718,17.277,24.344,1550,1467,1367,1307,1375,1097,0,0,0,0,0,0
9.7344,1,1,,1766,1650,1607,1707,1832,1745,28.742,48.062,55.120,38.560,17.057,23.376,1550,1467,1367,1307,1375,1097,0,0,0,0,0,0
9.7704,1,1,,1772,1651,1611,1714,1824,1742,27.871,47.771,54.442,37.422,17.980,23.819,1550,1467,1367,1307,1375,1097,0,0,0,0,0,0
9.8024,1,1,,1773,1648,1614,1715,1820,1756,27.675,48.348,53.914,37.230,18.429,22.037,1550,1467,1367,1307,1375,1097,0,0,0,0,0,0
9.8344,1,1,,1765,1649,1614,1718,1824,1754,29.039,48.101,53.986,36.782,18.001,22.252,1550,1467,1367,1307,1375,1097,0,0,0,0,0,0
9.8704,1,1,,1768,1648,1612,1715,1826,1745,28.485,48.288,54.240,37.272,17.770,23.413,1550,1467,1367,1307,1375,1097,0,0,0,0,0,0
9.9024,1,1,,1769,1649,1612,1721,1823,1756,28.279,48.210,54.300,36.300,18.042,21.987,1550,1467,1367,1307,1375,1097,0,0,0,0,0,0
9.9344,1,1,,1773,1648,1609,1721,1826,1757,27.635,48.291,54.717,36.271,17.683,21.912,1550,1467,1367,1307,1375,1097,0,0,0,0,0,0
9.9704,1,1,,1771,1648,1611,1717,1826,1748,28.041,48.375,54.527,36.941,17.709,23.019,1550,1467,1367,1307,1375,1097,0,0,0,0,0,0
10.0024,1,1,,1772,1647,1608,1715,1826,1746,27.788,48.582,54.945,37.319,17.696,23.293,1550,1467,1367,1307,1375,1097,0,0,0,0,0,0
10.0344,1,1,,1776,1652,1609,1717,1818,1743,27.102,47.746,54.785,36.861,18.655,23.615,1550,1467,1367,1307,1375,1097,0,0,0,0,0,0
10.0704,1,1,,1778,1649,1607,1718,1831,1750,26.888,48.172,55.056,36.831,17.159,22.788,1550,1467,1367,1307,1375,1097,0,0,0,0,0,0
10.1024,1,1,,1774,1649,1609,1707,1828,1727,27.552,48.179,54.794,38.583,17.518,25.649,1550,1467,1367,1307,1375,1097,0,0,0,0,0,0
10.1344,1,1,,1776,1653,1609,1708,1830,1737,27.196,47.532,54.769,38.472,17.316,24.434,1550,1467,1367,1307,1375,1097,0,0,0,0,0,0
10.1704,1,1,,1769,1655,1615,1709,1822,1737,28.301,47.230,53.873,38.259,18.257,24.438,1550,1467,1367,1307,1375,1097,0,0,0,0,0,0
10.2024,1,1,,1769,1655,1618,1717,1821,1739,28.386,47.209,53.296,36.911,18.312,24.117,1550,1467,1367,1307,1375,1097,0,0,0,0,0,0
10.2344,1,1,,1768,1648,1612,1712,1822,1750,28.451,48.302,54.227,37.695,18.210,22.737,1550,1467,1367,1307,1375,1097,0,0,0,0,0,0
10.2704,1,1,,1772,1655,1612,1713,1822,1747,27.841,47.139,54.238,37.634,18.169,23.191,1550,1467,1367,1307,1375,1097,0,0,0,0,0,0
10.3024,1,1,,1777,1661,1613,1715,1828,1751,26.924,46.129,54.126,37.294,17.449,22.595,1550,1467,1367,1307,1375,1097,0,0,0,0,0,0
10.3464,1,1,,1776,1654,1604,1712,1823,1752,27.218,47.291,55.611,37.777,18.104,22.529,1550,1467,1367,1307,1375,1097,0,0,0,0,0,0
10.3704,1,1,,1780,1656,1609,1709,1826,1749,26.533,47.024,54.814,38.222,17.729,22.890,1550,1467,1367,1307,1375,1097,0,0,0,0,0,0
10.4024,1,1,,1777,1656,1609,1702,1825,1755,26.964,47.089,54.865,39.472,17.824,22.077,1550,1467,1367,1307,1375,1097,0,0,0,0,0,0
10.4344,1,1,,1774,1650,1603,1704,1829,1751,27.470,48.003,55.847,39.121,17.352,22.636,1550,1467,1367,1307,1375,1096,0,0,0,0,0,0
10.4704,1,1,,1771,1658,1611,1705,1833,1752,27.932,46.672,54.516,38.887,16.903,22.494,1550,1467,1367,1307,1375,1097,0,0,0,0,0,0
10.5024,1,1,,1773,1657,1609,1704,1833,1745,27.700,46.866,54.783,39.098,16.898,23.444,1550,1467,1367,1307,1375,1097,0,0,0,0,0,0
10.5344,1,1,,1776,1653,1612,1699,1833,1741,27.214,47.449,54.272,39.862,16.942,23.943,1550,1467,1367,1307,1375,1096,0,0,0,0,0,0
10.5704,1,1,,1772,1655,1614,1709,1828,1751,27.749,47.106,54.005,38.199,17.519,22.660,1550,1467,1367,1307,1375,1097,0,0,0,0,0,0
10.6024,1,1,,1775,1653,1603,1708,1820,1743,27.335,47.477,55.846,38.369,18.453,23.614,1550,1467,1367,1308,1375,1097,0,0,0,0,0,0
10.6344,1,1,,1776,1656,1612,1708,1821,1747,27.235,47.010,54.266,38.328,18.275,23.159,1550,1467,1367,1307,1375,1097,0,0,0,0,0,0
10.6705,1,1,,1770,1656,1611,1715,1822,1726,28.086,47.006,54.490,37.225,18.231,25.795,1550,1467,1367,1307,1375,1097,0,0,0,0,0,0
10.7024,1,1,,1769,1654,1608,1710,1833,1749,28.353,47.377,54.998,38.063,16.921,22.884,1550,1467,1367,1308,1375,1097,0,0,0,0,0,0
10.7384,1,1,,1770,1652,1608,1712,1833,1754,28.178,47.610,54.973,37.707,16.934,22.291,1550,1467,1367,1308,1375,1097,0,0,0,0,0,0
10.7704,1,1,,1769,1651,1611,1713,1827,1751,28.311,47.771,54.480,37.661,17.590,22.659,1550,1467,1367,1307,1375,1097,0,0,0,0,0,0
10.8024,1,1,,1770,1649,1612,1713,1826,1752,28.212,48.131,54.272,37.637,17.735,22.440,1550,1467,1367,1307,1375,1097,0,0,0,0,0,0
10.8344,1,1,,1769,1646,1610,1713,1823,1750,28.254,48.609,54.596,37.502,18.046,22.719,1550,1467,1367,1307,1375,1097,0,0,0,0,0,0
10.8704,1,1,,1774,1648,1612,1712,1826,1743,27.570,48.351,54.258,37.708,17.742,23.661,1550,1467,1367,1307,1375,1097,0,0,0,0,0,0
10.9024,1,1,,1769,1646,1612,1712,1816,1739,28.321,48.707,54.373,37.813,18.900,24.218,1550,1467,1367,1307,1375,1097,0,0,0,0,0,0
10.9344,1,1,,1774,1651,1613,1715,1823,1738,27.487,47.805,54.091,37.217,18.081,24.299,1550,1467,1367,1307,1375,1097,0,0,0,0,0,0
10.9704,1,1,,1776,1656,1612,1713,1820,1730,27.210,47.026,54.292,37.607,18.386,25.271,1550,1467,1367,1307,1375,1097,0,0,0,0,0,0
11.0024,1,1,,1774,1657,1611,1712,1819,1743,27.448,46.856,54.539,37.679,18.579,23.616,1550,1467,1367,1307,1375,1097,0,0,0,0,0,0
11.0344,1,1,,1769,1659,1612,1711,1828,1741,28.391,46.534,54.316,37.884,17.465,23.922,1550,1467,1367,1307,1375,1097,0,0,0,0,0,0
11.0704,1,1,,1770,1659,1614,1708,1828,1757,28.127,46.587,53.908,38.371,17.483,21.799,1550,1467,1367,1307,1375,1097,0,0,0,0,0,0
11.1024,1,1,,1772,1661,1615,1709,1831,1765,27.849,46.154,53.802,38.246,17.200,20.864,1550,1467,1367,1307,1375,1097,0,0,0,0,0,0
11.1344,1,1,,1769,1658,1616,1700,1823,1756,28.256,46.635,53.663,39.685,18.058,21.976,1550,1467,1367,1307,1375,1097,0,0,0,0,0,0
11.1704,1,1,,1766,1655,1609,1703,1832,1765,28.757,47.217,54.806,39.203,17.061,20.801,1550,1467,1367,1307,1375,1097,0,0,0,0,0,0
11.2024,1,1,,1766,1650,1615,1710,1829,1774,28.812,47.972,53.739,38.040,17.358,19.698,1550,1467,1367,1307,1375,1097,0,0,0,0,0,0
11.2344,1,1,,1767,1652,1619,1716,1834,1776,28.591,47.657,53.114,37.113,16.809,19.448,1550,1467,1367,1308,1375,1097,0,0,0,0,0,0
11.2704,1,1,,1759,1649,1609,1714,1841,1776,30.021,48.208,54.839,37.439,15.943,19.380,1550,1467,1367,1307,1375,1097,0,0,0,0,0,0
11.3144,1,1,,1767,1653,1608,1714,1839,1773,28.597,47.574,54.919,37.362,16.250,19.841,1550,1467,1367,1307,1375,1097,0,0,0,0,0,0
11.3344,1,1,,1765,1652,1608,1715,1836,1772,28.956,47.627,54.873,37.308,16.599,19.895,1550,1467,1367,1307,1375,1097,0,0,0,0,0,0
11.3704,1,1,,1766,1654,1608,1715,1836,1767,28.749,47.342,54.965,37.198,16.534,20.530,1550,1467,1367,1307,1375,1097,0,0,0,0,0,0
11.4144,1,1,,1765,1656,1608,1715,1836,1758,28.961,47.007,54.877,37.275,16.540,21.749,1550,1467,1367,1307,1375,1097,0,0,0,0,0,0
11.4344,1,1,,1760,1647,1606,1708,1826,1758,29.730,48.522,55.271,38.459,17.793,21.721,1550,1467,1367,1308,1375,1097,0,0,0,0,0,0
11.4704,1,1,,1764,1649,1603,1710,1830,1762,29.114,48.203,55.715,38.109,17.274,21.253,1550,1467,1367,1307,1375,1097,0,0,0,0,0,0
11.5144,1,1,,1761,1653,1616,1716,1829,1746,29.559,47.486,53.663,37.041,17.405,23.289,1550,1467,1367,1307,1375,1097,0,0,0,0,0,0
11.5344,1,1,,1765,1652,1613,1713,1820,1752,28.927,47.746,54.084,37.652,18.464,22.490,1550,1467,1367,1307,1375,1097,0,0,0,0,0,0
11.5704,1,1,,1763,1655,1615,1720,1818,1762,29.240,47.200,53.731,36.432,18.649,21.239,1550,1467,1367,1307,1375,1097,0,0,0,0,0,0
11.6024,1,1,,1769,1652,1614,1722,1812,1768,28.256,47.645,54.033,36.155,19.315,20.444,1550,1467,1367,1307,1375,1097,0,0,0,0,0,0
11.6344,1,1,,1765,1652,1606,1717,1829,1757,29.009,47.698,55.289,36.980,17.361,21.805,1550,1467,1367,1307,1375,1097,0,0,0,0,0,0
11.6704,1,1,,1766,1650,1613,1716,1824,1753,28.753,48.031,54.198,37.020,18.016,22.369,1550,1467,1367,1307,1375,1097,0,0,0,0,0,0
11.7144,1,1,,1759,1645,1606,1715,1823,1752,29.959,48.883,55.327,37.264,18.086,22.463,1550,1467,1367,1307,1375,1097,0,0,0,0,0,0
11.7344,1,1,,1769,1649,1612,1713,1823,1745,28.239,48.241,54.311,37.508,18.123,23.368,1550,1467,1367,1307,1375,1097,0,0,0,0,0,0
11.7704,1,1,,1759,1646,1612,1715,1827,1756,29.928,48.684,54.306,37.223,17.645,22.010,1550,1467,1367,1308,1375,1097,0,0,0,0,0,0
11.8024,1,1,,1763,1654,1614,1712,1825,1757,29.282,47.323,53.971,37.778,17.857,21.801,1550,1467,1367,1307,1375,1097,0,0,0,0,0,0
11.8344,1,1,,1759,1649,1614,1721,1820,1766,30.010,48.151,53.902,36.177,18.398,20.694,1550,1467,1367,1307,1375,1097,0,0,0,0,0,0
11.8744,1,1,,1764,1648,1607,1712,1827,1761,29.200,48.344,55.043,37.716,17.584,21.406,1550,1467,1367,1307,1375,1097,0,0,0,0,0,0
11.9064,1,1,,1767,1656,1614,1714,1827,1763,28.633,47.077,53.893,37.361,17.623,21.139,1550,1467,1367,1307,1375,1097,0,0,0,0,0,0
11.9344,1,1,,1760,1653,1610,1715,1831,1758,29.822,47.534,54.634,37.188,17.176,21.753,1550,1467,1367,1307,1375,1097,0,0,0,0,0,0
11.9704,1,1,,1757,1648,1607,1716,1827,1760,30.233,48.260,55.142,37.122,17.574,21.527,1550,1467,1367,1307,1375,1097,0,0,0,0,0,0
12.0024,1,1,,1760,1649,1607,1712,1824,1758,29.749,48.143,55.076,37.827,18.012,21.790,1550,1467,1367,1307,1375,1097,0,0,0,0,0,0
12.0344,1,1,,1756,1644,1608,1714,1825,1761,30.461,48.960,54.967,37.485,17.851,21.285,1550,1467,1367,1308,1375,1097,0,0,0,0,0,0
12.0704,1,1,,1752,1648,1608,1714,1826,1761,31.150,48.282,54.935,37.437,17.750,21.387,1550,1467,1367,1307,1375,1097,0,0,0,0,0,0
12.1024,1,1,,1755,1646,1600,1711,1829,1754,30.645,48.715,56.329,37.930,17.397,22.268,1550,1467,1367,1307,1375,1097,0,0,0,0,0,0
12.1344,1,1,,1756,1650,1605,1713,1822,1753,30.453,47.977,55.392,37.643,18.176,22.326,1550,1467,1367,1307,1375,1097,0,0,0,0,0,0
12.1704,1,1,,1760,1650,1611,1717,1824,1765,29.840,47.985,54.497,36.971,17.916,20.867,1550,1467,1367,1307,1375,1097,0,0,0,0,0,0
12.2024,1,1,,1761,1651,1614,1713,1815,1750,29.692,47.787,53.927,37.548,19.006,22.744,1550,1467,1367,1307,1375,1097,0,0,0,0,0,0
12.2344,1,1,,1755,1646,1609,1716,1819,1758,30.687,48.658,54.833,37.119,18.539,21.691,1550,1467,1367,1307,1375,1097,0,0,0,0,0,0
12.2704,1,1,,1749,1634,1601,1710,1819,1764,31.644,50.621,56.035,38.090,18.560,20.915,1550,1467,1367,1307,1375,1097,0,0,0,0,0,0
12.3024,1,1,,1755,1637,1601,1709,1817,1755,30.581,50.128,56.140,38.302,18.762,22.080,1550,1467,1367,1307,1375,1097,0,0,0,0,0,0
12.3344,1,1,,1745,1634,1605,1714,1815,1765,32.238,50.649,55.513,37.383,18.961,20.810,1550,1467,1367,1307,1375,1097,0,0,0,0,0,0
12.3704,1,1,,1760,1639,1602,1711,1824,1773,29.766,49.818,55.995,37.908,17.939,19.777,1550,1467,1367,1307,1375,1097,0,0,0,0,0,0
12.4024,1,1,,1758,1635,1602,1713,1827,1764,30.136,50.539,55.918,37.653,17.650,20.900,1550,1467,1367,1307,1375,1096,0,0,0,0,0,0
12.4344,1,1,,1769,1645,1613,1715,1820,1767,28.397,48.823,54.083,37.279,18.399,20.555,1550,1467,1367,1307,1375,1097,0,0,0,0,0,0
12.4704,1,1,,1747,1637,1606,1712,1828,1755,31.889,50.096,55.231,37.817,17.471,22.087,1550,1467,1367,1308,1375,1097,0,0,0,0,0,0
12.5024,1,1,,1764,1640,1610,1712,1831,1758,29.210,49.652,54.551,37.803,17.171,21.687,1550,1467,1367,1307,1375,1097,0,0,0,0,0,0
12.5344,1,1,,1763,1636,1606,1714,1833,1765,29.349,50.326,55.266,37.426,16.972,20.832,1550,1467,1367,1307,1375,1097,0,0,0,0,0,0
12.5704,1,1,,1755,1634,1606,1710,1828,1769,30.654,50.641,55.280,38.042,17.507,20.263,1550,1467,1367,1308,1375,1097,0,0,0,0,0,0
12.6024,1,1,,1759,1634,1603,1708,1823,1756,29.927,50.582,55.793,38.478,18.140,22.034,1550,1467,1367,1307,1375,1097,0,0,0,0,0,0
12.6344,1,1,,1762,1639,1609,1708,1817,1755,29.518,49.759,54.829,38.421,18.785,22.067,1550,1467,1367,1307,1375,1097,0,0,0,0,0,0
12.6704,1,1,,1772,1644,1615,1712,1818,1773,27.804,49.045,53.779,37.826,18.689,19.849,1550,1467,1367,1307,1375,1097,0,0,0,0,0,0
12.7024,1,1,,1775,1645,1607,1704,1817,1772,27.298,48.756,55.111,39.012,18.777,19.931,1550,1467,1367,1307,1375,1097,0,0,0,0,0,0
12.7344,1,1,,1780,1653,1612,1711,1826,1759,26.510,47.493,54.280,37.921,17.792,21.541,1550,1467,1367,1307,1375,1097,0,0,0,0,0,0
12.7744,1,1,,1768,1647,1607,1708,1817,1759,28.541,48.584,55.068,38.465,18.743,21.553,1550,1467,1367,1307,1375,1097,0,0,0,0,0,0
12.8024,1,1,,1765,1641,1599,1706,1816,1752,28.963,49.550,56.498,38.790,18.855,22.536,1550,1467,1367,1307,1375,1097,0,0,0,0,0,0
12.8344,1,1,,1764,1641,1597,1703,1825,1747,29.156,49.445,56.707,39.199,17.802,23.108,1550,1467,1367,1307,1375,1097,0,0,0,0,0,0
12.8704,1,1,,1757,1640,1597,1703,1826,1734,30.326,49.649,56.802,39.316,17.786,24.759,1550,1467,1367,1307,1375,1097,0,0,0,0,0,0
12.9024,1,1,,1757,1641,1605,1706,1824,1730,30.281,49.546,55.500,38.690,17.924,25.270,1550,1467,1367,1307,1375,1097,0,0,0,0,0,0
12.9344,1,1,,1759,1640,1609,1708,1821,1733,29.960,49.728,54.848,38.436,18.337,24.999,1550,1467,1367,1307,1375,1097,0,0,0,0,0,0
12.9704,1,1,,1753,1639,1604,1709,1824,1738,30.973,49.893,55.586,38.199,17.976,24.340,1550,1467,1367,1307,1375,1097,0,0,0,0,0,0
13.0144,1,1,,1756,1638,1603,1710,1829,1760,30.444,49.961,55.857,38.076,17.351,21.527,1550,1467,1367,1307,1375,1097,0,0,0,0,0,0
13.0344,1,1,,1756,1640,1608,1707,1818,1752,30.505,49.739,54.927,38.615,18.674,22.561,1550,1467,1367,1307,1375,1097,0,0,0,0,0,0
13.0704,1,1,,1756,1630,1599,1705,1820,1760,30.428,51.380,56.484,38.953,18.419,21.522,1550,1467,1367,1307,1375,1097,0,0,0,0,0,0
13.1024,1,1,,1752,1631,1600,1701,1821,1765,31.161,51.079,56.214,39.573,18.326,20.864,1550,1467,1367,1307,1375,1097,0,0,0,0,0,0
13.1344,1,1,,1750,1627,1594,1703,1819,1764,31.418,51.729,57.347,39.240,18.604,21.023,1550,1467,1367,1307,1375,1097,0,0,0,0,0,0
13.1704,1,1,,1752,1630,1591,1698,1825,1760,31.205,51.340,57.745,40.142,17.852,21.444,1550,1467,1367,1308,1375,1097,0,0,0,0,0,0
13.2024,1,1,,1750,1634,1599,1701,1822,1745,31.380,50.708,56.476,39.489,18.230,23.418,1550,1467,1367,1308,1375,1097,0,0,0,0,0,0
13.2344,1,1,,1753,1636,1598,1699,1821,1764,30.965,50.288,56.603,39.876,18.331,20.914,1550,1467,1367,1307,1375,1097,0,0,0,0,0,0
13.2704,1,1,,1761,1640,1601,1703,1814,1764,29.649,49.594,56.103,39.197,19.096,20.920,1550,1467,1367,1308,1375,1097,0,0,0,0,0,0
13.3024,1,1,,1757,1639,1604,1701,1814,1754,30.353,49.806,55.636,39.495,19.166,22.274,1550,1467,1367,1307,1375,1097,0,0,0,0,0,0
13.3344,1,1,,1770,1644,1606,1709,1815,1773,28.126,49.052,55.286,38.233,18.965,19.820,1550,1467,1367,1307,1375,1097,0,0,0,0,0,0
13.3704,1,1,,1775,1648,1612,1703,1807,1769,27.303,48.286,54.295,39.178,19.911,20.314,1550,1467,1367,1307,1375,1097,0,0,0,0,0,0
13.4084,1,1,,1774,1656,1614,1705,1807,1758,27.420,46.997,53.918,38.833,20.004,21.743,1550,1467,1367,1307,1375,1097,0,0,0,0,0,0
13.4344,1,1,,1773,1651,1613,1698,1810,1753,27.690,47.817,54.089,40.070,19.550,22.426,1550,1467,1367,1307,1375,1097,0,0,0,0,0,0
13.4704,1,1,,1772,1646,1611,1699,1815,1760,27.865,48.677,54.497,39.818,18.983,21.503,1550,1467,1367,1307,1375,1097,0,0,0,0,0,0
13.5024,1,1,,1771,1650,1614,1702,1816,1761,27.908,48.010,53.901,39.336,18.908,21.338,1550,1467,1367,1308,1375,1097,0,0,0,0,0,0
13.5344,1,1,,1770,1650,1615,1703,1818,1764,28.207,48.002,53.725,39.231,18.722,21.006,1550,1467,1367,1307,1375,1097,0,0,0,0,0,0
13.5664,1,1,,1770,1645,1612,1702,1812,1749,28.195,48.812,54.255,39.445,19.327,22.833,1550,1467,1367,1307,1375,1097,0,0,0,0,0,0
13.6384,1,1,,1774,1646,1614,1708,1816,1745,27.543,48.655,53.986,38.480,18.922,23.423,1550,1467,1367,1307,1375,1097,0,0,0,0,0,0
13.6664,1,1,,1770,1643,1612,1701,1819,1734,28.218,49.230,54.291,39.542,18.583,24.773,1550,1467,1367,1307,1375,1097,0,0,0,0,0,0
13.6944,1,1,,1767,1643,1610,1699,1817,1735,28.644,49.240,54.674,39.895,18.839,24.696,1550,1467,1367,1307,1375,1097,0,0,0,0,0,0
13.7264,1,1,,1775,1646,1611,1704,1812,1754,27.321,48.669,54.432,39.089,19.361,22.254,1550,1467,1367,1307,1375,1097,0,0,0,0,0,0
13.7544,1,1,,1774,1646,1611,1700,1816,1748,27.421,48.648,54.388,39.738,18.911,23.070,1550,1467,1367,1307,1375,1097,0,0,0,0,0,0
13.7744,1,1,,1773,1646,1613,1700,1817,1766,27.644,48.741,54.051,39.807,18.760,20.662,1550,1467,1367,1307,1375,1097,0,0,0,0,0,0
13.8064,1,1,,1769,1646,1610,1701,1815,1766,28.367,48.633,54.567,39.604,19.018,20.669,1550,1467,1367,1307,1375,1097,0,0,0,0,0,0
13.8344,1,1,,1773,1652,1618,1703,1814,1759,27.594,47.610,53.365,39.224,19.102,21.604,1550,1467,1367,1307,1375,1097,0,0,0,0,0,0
13.8704,1,1,,1765,1652,1612,1709,1813,1762,29.013,47.653,54.279,38.250,19.225,21.202,1550,1467,1367,1307,1375,1097,0,0,0,0,0,0
13.9044,1,1,,1773,1655,1617,1704,1816,1754,27.705,47.255,53.510,39.147,18.882,22.280,1550,1467,1367,1307,1375,1097,0,0,0,0,0,0
13.9344,1,1,,1763,1647,1604,1702,1824,1763,29.256,48.492,55.641,39.375,17.913,21.125,1550,1467,1367,1307,1375,1097,0,0,0,0,0,0
13.9824,1,1,,1759,1647,1609,1703,1824,1741,29.938,48.581,54.869,39.195,18.006,23.854,1550,1467,1367,1307,1375,1097,0,0,0,0,0,0
14.0024,1,1,,1761,1641,1603,1701,1824,1736,29.684,49.423,55.749,39.514,17.975,24.600,1550,1467,1367,1307,1375,1097,0,0,0,0,0,0
14.0704,1,1,,1758,1640,1601,1699,1827,1737,30.110,49.716,56.086,39.891,17.611,24.415,1550,1467,1367,1307,1375,1097,0,0,0,0,0,0
14.0984,1,1,,1759,1644,1606,1704,1822,1739,29.975,48.930,55.241,39.030,18.217,24.142,1550,1467,1367,1307,1375,1097,0,0,0,0,0,0
14.1264,1,1,,1764,1641,1601,1699,1826,1747,29.144,49.450,56.139,39.818,17.793,23.170,1550,1467,1367,1307,1375,1097,0,0,0,0,0,0
14.1583,1,1,,1760,1641,1602,1701,1834,1749,29.817,49.564,55.992,39.605,16.816,22.937,1550,1467,1367,1307,1375,1097,0,0,0,0,0,0
14.1824,1,1,,1755,1637,1593,1706,1839,1757,30.580,50.132,57.366,38.805,16.198,21.825,1550,1467,1367,1308,1375,1097,0,0,0,0,0,0
14.2064,1,1,,1762,1640,1603,1705,1829,1754,29.519,49.725,55.832,38.882,17.424,22.286,1550,1467,1367,1307,1375,1097,0,0,0,0,0,0
14.2344,1,1,,1763,1644,1609,1708,1818,1755,29.246,49.038,54.762,38.370,18.622,22.163,1550,1467,1367,1307,1375,1097,0,0,0,0,0,0
14.2824,1,1,,1764,1642,1607,1707,1825,1746,29.170,49.275,55.057,38.539,17.824,23.332,1550,1467,1367,1307,1375,1097,0,0,0,0,0,0
14.3024,1,1,,1763,1647,1610,1705,1825,1748,29.228,48.558,54.650,38.931,17.875,23.014,1550,1467,1367,1307,1375,1097,0,0,0,0,0,0
14.3344,1,1,,1770,1650,1617,1712,1827,1760,28.185,48.046,53.461,37.713,17.662,21.419,1550,1467,1367,1308,1375,1097,0,0,0,0,0,0
14.3824,1,1,,1766,1652,1617,1704,1815,1764,28.805,47.709,53.442,39.001,18.977,20.900,1550,1467,1367,1307,1375,1097,0,0,0,0,0,0
14.4144,1,1,,1770,1649,1615,1704,1817,1769,28.210,48.122,53.877,39.035,18.754,20.264,1550,1467,1367,1307,1375,1097,0,0,0,0,0,0
14.4464,1,1,,1768,1651,1617,1705,1810,1758,28.525,47.815,53.516,38.876,19.558,21.685,1550,1467,1367,1307,1375,1097,0,0,0,0,0,0
14.4824,1,1,,1762,1652,1619,1710,1818,1771,29.489,47.683,53.076,38.092,18.672,20.106,1550,1467,1367,1307,1375,1097,0,0,0,0,0,0
14.5024,1,1,,1760,1652,1617,1705,1811,1760,29.819,47.648,53.499,38.870,19.451,21.475,1550,1467,1367,1307,1375,1097,0,0,0,0,0,0
14.5344,1,1,,1763,1646,1611,1705,1820,1778,29.267,48.617,54.508,38.934,18.492,19.226,1550,1467,1367,1307,1375,1097,0,0,0,0,0,0
14.5824,1,1,,1753,1648,1611,1704,1823,1757,30.890,48.270,54.390,39.106,18.088,21.822,1550,1467,1367,1307,1375,1097,0,0,0,0,0,0
14.6024,1,1,,1752,1648,1609,1701,1822,1752,31.094,48.363,54.804,39.516,18.226,22.500,1550,1467,1367,1307,1375,1097,0,0,0,0,0,0
14.6464,1,1,,1749,1651,1611,1704,1822,1763,31.640,47.865,54.426,39.044,18.213,21.124,1550,1467,1367,1308,1375,1097,0,0,0,0,0,0
14.6704,1,1,,1756,1648,1607,1708,1831,1774,30.427,48.379,55.108,38.330,17.201,19.710,1550,1467,1367,1307,1375,1097,0,0,0,0,0,0
14.7024,1,1,,1755,1653,1611,1706,1823,1761,30.692,47.553,54.378,38.760,18.129,21.362,1550,1467,1367,1307,1375,1097,0,0,0,0,0,0
14.7344,1,1,,1756,1652,1604,1706,1830,1764,30.433,47.711,55.600,38.679,17.309,20.948,1550,1467,1367,1307,1375,1097,0,0,0,0,0,0
14.7704,1,1,,1758,1651,1604,1709,1836,1759,30.070,47.871,55.605,38.201,16.627,21.572,1550,1467,1367,1307,1375,1097,0,0,0,0,0,0
14.8024,1,1,,1760,1651,1605,1708,1824,1744,29.756,47.824,55.500,38.429,17.926,23.520,1550,1467,1367,1307,1375,1096,0,0,0,0,0,0
14.8724,1,1,,1758,1647,1601,1708,1832,1766,30.165,48.445,56.033,38.480,17.031,20.758,1550,1467,1367,1307,1375,1097,0,0,0,0,0,0
14.9024,1,1,,1765,1655,1608,1711,1831,1772,28.903,47.172,54.983,37.916,17.179,19.934,1550,1467,1367,1307,1375,1097,0,0,0,0,0,0
14.9303,1,1,,1759,1648,1603,1708,1830,1768,29.919,48.400,55.858,38.388,17.220,20.467,1550,1467,1367,1307,1375,1097,0,0,0,0,0,0
14.9504,1,1,,1762,1652,1604,1706,1826,1779,29.554,47.709,55.629,38.763,17.737,19.054,1550,1467,1367,1307,1375,1097,0,0,0,0,0,0
14.9904,1,1,,1758,1646,1599,1704,1833,1749,30.114,48.665,56.518,39.100,16.910,22.860,1550,1467,1367,1307,1375,1097,0,0,0,0,0,0
15.0064,1,1,,1754,1643,1597,1706,1842,1763,30.719,49.185,56.810,38.688,15.910,21.103,1550,1467,1367,1307,1375,1097,0,0,0,0,0,0
15.0344,1,1,,1751,1640,1602,1701,1830,1730,31.232,49.611,55.909,39.515,17.270,25.383,1550,1467,1367,1307,1375,1097,0,0,0,0,0,0
15.0724,1,1,,1753,1635,1598,1698,1830,1747,30.954,50.568,56.582,40.121,17.243,23.151,1550,1467,1367,1307,1375,1096,0,0,0,0,0,0
15.1044,1,1,,1757,1651,1614,1703,1818,1748,30.221,47.882,53.907,39.283,18.718,23.020,1550,1467,1367,1307,1375,1097,0,0,0,0,0,0
15.1364,1,1,,1752,1643,1607,1701,1818,1766,31.159,49.183,55.177,39.564,18.629,20.682,1550,1467,1367,1307,1375,1097,0,0,0,0,0,0
15.1824,1,1,,1762,1651,1612,1700,1827,1755,29.442,47.787,54.324,39.711,17.613,22.107,1550,1467,1367,1307,1375,1097,0,0,0,0,0,0
15.2024,1,1,,1757,1650,1609,1702,1829,1768,30.253,48.012,54.744,39.477,17.414,20.416,1550,1467,1367,1307,1375,1097,0,0,0,0,0,0
15.2344,1,1,,1767,1654,1613,1703,1827,1777,28.625,47.341,54.117,39.270,17.623,19.343,1550,1467,1367,1307,1375,1097,0,0,0,0,0,0
15.2704,1,1,,1768,1655,1616,1702,1818,1776,28.485,47.181,53.712,39.350,18.706,19.471,1550,1467,1367,1307,1375,1097,0,0,0,0,0,0
15.3024,1,1,,1764,1656,1618,1703,1819,1769,29.103,46.982,53.381,39.309,18.588,20.269,1550,1467,1367,1307,1375,1097,0,0,0,0,0,0
15.3344,1,1,,1767,1658,1619,1704,1818,1787,28.620,46.743,53.145,39.000,18.673,18.039,1550,1467,1367,1307,1375,1097,0,0,0,0,0,0
15.3704,1,1,,1763,1654,1614,1697,1821,1776,29.237,47.308,53.932,40.292,18.265,19.472,1550,1467,1367,1308,1375,1097,0,0,0,0,0,0
15.4024,1,1,,1767,1652,1619,1703,1818,1757,28.689,47.685,53.173,39.267,18.696,21.797,1550,1467,1367,1307,1375,1097,0,0,0,0,0,0
15.4344,1,1,,1764,1653,1616,1702,1828,1779,29.158,47.578,53.642,39.424,17.470,19.077,1550,1467,1367,1307,1375,1097,0,0,0,0,0,0
15.4824,1,1,,1761,1653,1609,1696,1826,1767,29.666,47.522,54.750,40.346,17.704,20.611,1550,1467,1367,1307,1375,1097,0,0,0,0,0,0
15.5024,1,1,,1757,1646,1608,1704,1827,1753,30.379,48.673,54.990,39.043,17.596,22.326,1550,1467,1367,1307,1375,1097,0,0,0,0,0,0
15.5344,1,1,,1760,1650,1608,1705,1828,1751,29.786,48.009,54.921,38.918,17.513,22.572,1550,1467,1367,1307,1375,1097,0,0,0,0,0,0
15.5704,1,1,,1764,1649,1608,1710,1829,1746,29.088,48.172,54.878,38.144,17.393,23.275,1550,1467,1367,1307,1375,1097,0,0,0,0,0,0
15.6024,1,1,,1762,1644,1601,1704,1829,1746,29.538,48.980,56.186,39.127,17.415,23.293,1550,1467,1367,1307,1375,1097,0,0,0,0,0,0
15.6344,1,1,,1760,1643,1599,1707,1832,1745,29.868,49.137,56.464,38.554,17.018,23.411,1550,1467,1367,1307,1375,1097,0,0,0,0,0,0
15.6824,1,1,,1758,1647,1604,1711,1832,1733,30.119,48.494,55.539,37.976,17.008,24.934,1550,1467,1367,1307,1375,1097,0,0,0,0,0,0
15.7024,1,1,,1750,1640,1604,1710,1826,1734,31.536,49.582,55.577,38.030,17.784,24.790,1550,1467,1367,1307,1375,1096,0,0,0,0,0,0
15.7344,1,1,,1749,1641,1599,1704,1835,1747,31.559,49.478,56.430,39.017,16.722,23.164,1550,1467,1367,1307,1375,1097,0,0,0,0,0,0
15.7704,1,1,,1746,1638,1604,1708,1835,1742,32.081,49.931,55.585,38.364,16.712,23.841,1550,1467,1367,1307,1375,1097,0,0,0,0,0,0
15.8024,1,1,,1754,1646,1612,1706,1825,1760,30.881,48.701,54.296,38.729,17.861,21.497,1550,1467,1367,1307,1375,1097,0,0,0,0,0,0
15.8344,1,1,,1755,1642,1606,1705,1827,1760,30.669,49.302,55.215,38.977,17.627,21.513,1550,1467,1367,1307,1375,1097,0,0,0,0,0,0
15.8824,1,1,,1764,1649,1611,1704,1830,1768,29.183,48.246,54.506,39.000,17.261,20.392,1550,1467,1367,1307,1375,1097,0,0,0,0,0,0
15.9024,1,1,,1769,1655,1614,1703,1821,1774,28.261,47.187,53.972,39.281,18.372,19.620,1550,1467,1367,1307,1375,1097,0,0,0,0,0,0
15.9464,1,1,,1776,1654,1617,1705,1823,1755,27.116,47.298,53.441,38.914,18.099,22.054,1550,1467,1367,1307,1375,1097,0,0,0,0,0,0
15.9704,1,1,,1771,1654,1611,1701,1825,1766,28.011,47.370,54.438,39.628,17.826,20.652,1550,1467,1367,1307,1375,1097,0,0,0,0,0,0
16.0024,1,1,,1777,1656,1615,1705,1826,1772,26.927,46.984,53.851,38.902,17.721,19.932,1550,1467,1367,1307,1375,1097,0,0,0,0,0,0
16.0344,1,1,,1774,1654,1614,1704,1827,1770,27.416,47.364,53.909,39.007,17.616,20.148,1550,1467,1367,1307,1375,1097,0,0,0,0,0,0
16.0704,1,1,,1776,1658,1618,1708,1829,1767,27.224,46.673,53.293,38.366,17.382,20.571,1550,1467,1367,1307,1375,1097,0,0,0,0,0,0
16.1024,1,1,,1779,1662,1625,1709,1820,1777,26.720,46.099,52.070,38.172,18.417,19.257,1550,1467,1367,1307,1375,1097,0,0,0,0,0,0
16.1344,1,1,,1764,1653,1613,1703,1828,1768,29.186,47.523,54.048,39.295,17.513,20.414,1550,1467,1367,1307,1375,1097,0,0,0,0,0,0
16.1824,1,1,,1762,1655,1618,1702,1821,1768,29.410,47.191,53.333,39.437,18.320,20.480,1550,1467,1367,1307,1375,1097,0,0,0,0,0,0
16.2024,1,1,,1762,1650,1616,1703,1826,1763,29.507,47.984,53.680,39.268,17.794,21.068,1550,1467,1367,1307,1375,1097,0,0,0,0,0,0
16.2344,1,1,,1757,1650,1610,1699,1822,1762,30.248,47.945,54.631,39.858,18.157,21.196,1550,1467,1367,1307,1375,1097,0,0,0,0,0,0
16.2704,1,1,,1767,1653,1612,1699,1820,1768,28.587,47.533,54.354,39.882,18.456,20.467,1550,1467,1367,1307,1375,1097,0,0,0,0,0,0
16.3024,1,1,,1763,1656,1615,1696,1816,1765,29.339,46.955,53.853,40.430,18.903,20.851,1550,1467,1367,1307,1375,1097,0,0,0,0,0,0
16.3344,1,1,,1762,1653,1606,1697,1821,1760,29.419,47.570,55.344,40.214,18.355,21.509,1550,1467,1367,1307,1375,1097,0,0,0,0,0,0
16.3824,1,1,,1761,1653,1605,1700,1823,1757,29.697,47.468,55.480,39.741,18.050,21.812,1550,1467,1367,1307,1375,1097,0,0,0,0,0,0
16.4144,1,1,,1760,1646,1597,1700,1820,1761,29.830,48.589,56.695,39.750,18.378,21.366,1550,1467,1367,1307,1375,1097,0,0,0,0,0,0
16.4344,1,1,,1758,1651,1604,1703,1819,1755,30.072,47.911,55.607,39.303,18.560,22.136,1550,1467,1367,1307,1375,1097,0,0,0,0,0,0
16.4704,1,1,,1754,1648,1605,1712,1835,1753,30.728,48.410,55.399,37.803,16.689,22.341,1550,1467,1367,1307,1375,1097,0,0,0,0,0,0
16.5024,1,1,,1756,1651,1609,1706,1825,1757,30.539,47.864,54.807,38.676,17.883,21.847,1550,1467,1367,1307,1375,1097,0,0,0,0,0,0
16.5344,1,1,,1744,1640,1602,1705,1825,1757,32.441,49.737,55.897,38.857,17.828,21.852,1550,1467,1367,1307,1375,1097,0,0,0,0,0,0
16.5704,1,1,,1744,1643,1611,1704,1822,1751,32.440,49.165,54.484,39.030,18.145,22.641,1550,1467,1367,1307,1375,1097,0,0,0,0,0,0
16.6024,1,1,,1736,1635,1595,1706,1836,1769,33.784,50.468,57.141,38.793,16.539,20.359,1550,1467,1367,1307,1375,1097,0,0,0,0,0,0
16.6464,1,1,,1740,1655,1616,1699,1837,1757,33.124,47.212,53.676,39.870,16.503,21.880,1550,1467,1367,1307,1375,1097,0,0,0,0,0,0
16.6704,1,1,,1753,1658,1617,1700,1825,1774,30.951,46.696,53.524,39.747,17.813,19.689,1550,1467,1367,1308,1375,1097,0,0,0,0,0,0
16.7024,1,1,,1753,1664,1622,1699,1821,1769,30.888,45.721,52.561,39.913,18.360,20.291,1550,1467,1367,1308,1375,1097,0,0,0,0,0,0
16.7344,1,1,,1752,1662,1622,1696,1812,1775,31.117,46.010,52.562,40.315,19.407,19.547,1550,1467,1367,1307,1375,1097,0,0,0,0,0,0
16.7704,1,1,,1763,1664,1620,1694,1813,1775,29.339,45.724,53.042,40.774,19.203,19.590,1550,1467,1367,1307,1375,1097,0,0,0,0,0,0
16.8024,1,1,,1753,1667,1626,1694,1818,1771,30.993,45.261,52.024,40.675,18.707,20.057,1550,1467,1367,1307,1375,1097,0,0,0,0,0,0
16.8344,1,1,,1759,1660,1620,1694,1813,1773,30.036,46.306,52.915,40.683,19.228,19.834,1550,1467,1367,1308,1375,1097,0,0,0,0,0,0
16.8704,1,1,,1756,1664,1621,1699,1816,1784,30.460,45.665,52.751,39.845,18.901,18.352,1550,1467,1367,1307,1375,1097,0,0,0,0,0,0
16.9024,1,1,,1760,1657,1607,1693,1815,1767,29.788,46.765,55.120,40.835,18.979,20.607,1550,1467,1367,1307,1375,1097,0,0,0,0,0,0
16.9344,1,1,,1760,1656,1610,1702,1830,1760,29.784,47.061,54.702,39.477,17.297,21.480,1550,1467,1367,1307,1375,1097,0,0,0,0,0,0
16.9704,1,1,,1753,1651,1604,1707,1832,1760,30.926,47.912,55.628,38.615,16.992,21.509,1550,1467,1367,1307,1375,1097,0,0,0,0,0,0
17.0024,1,1,,1752,1648,1603,1706,1833,1752,31.153,48.317,55.763,38.698,16.910,22.559,1550,1467,1367,1307,1375,1097,0,0,0,0,0,0
17.0344,1,1,,1750,1649,1603,1706,1832,1749,31.538,48.202,55.853,38.691,17.049,22.830,1550,1467,1367,1307,1375,1097,0,0,0,0,0,0
17.0704,1,1,,1752,1647,1598,1708,1829,1761,31.177,48.572,56.635,38.466,17.409,21.313,1550,1467,1367,1307,1375,1097,0,0,0,0,0,0
17.1024,1,1,,1749,1651,1611,1705,1830,1745,31.557,47.857,54.456,38.908,17.245,23.395,1550,1467,1367,1307,1375,1097,0,0,0,0,0,0
17.1344,1,1,,1752,1654,1609,1708,1830,1755,31.059,47.411,54.716,38.444,17.242,22.089,1550,1467,1367,1307,1375,1097,0,0,0,0,0,0
17.1704,1,1,,1759,1659,1612,1707,1830,1756,29.916,46.461,54.361,38.599,17.298,21.948,1550,1467,1367,1307,1375,1097,0,0,0,0,0,0
17.2024,1,1,,1763,1651,1599,1707,1832,1750,29.307,47.769,56.471,38.636,17.064,22.710,1550,1467,1367,1307,1375,1097,0,0,0,0,0,0
17.2344,1,1,,1759,1657,1613,1707,1828,1775,29.980,46.875,54.069,38.546,17.494,19.592,1550,1467,1367,1307,1375,1097,0,0,0,0,0,0
17.2704,1,1,,1757,1657,1610,1708,1828,1769,30.254,46.832,54.693,38.343,17.512,20.360,1550,1467,1367,1307,1375,1097,0,0,0,0,0,0
17.3024,1,1,,1757,1647,1598,1705,1831,1767,30.242,48.546,56.541,38.835,17.169,20.554,1550,1467,1367,1307,1375,1097,0,0,0,0,0,0
17.3344,1,1,,1748,1651,1605,1705,1832,1745,31.752,47.897,55.435,38.849,17.077,23.391,1550,1467,1367,1307,1375,1097,0,0,0,0,0,0
17.3704,1,1,,1740,1644,1608,1708,1841,1751,33.095,48.949,54.974,38.392,15.992,22.685,1550,1467,1367,1307,1375,1097,0,0,0,0,0,0
17.4024,1,1,,1746,1655,1618,1705,1826,1763,32.179,47.132,53.238,38.884,17.736,21.095,1550,1467,1367,1307,1375,1097,0,0,0,0,0,0
17.4344,1,1,,1751,1649,1616,1712,1832,1753,31.257,48.132,53.615,37.734,17.085,22.331,1550,1467,1367,1307,1375,1097,0,0,0,0,0,0
17.4704,1,1,,1748,1648,1608,1707,1824,1751,31.826,48.379,54.893,38.569,18.027,22.609,1550,1467,1367,1307,1375,1097,0,0,0,0,0,0
17.5044,1,1,,1741,1639,1605,1710,1843,1757,32.883,49.764,55.449,38.133,15.790,21.913,1550,1467,1367,1307,1375,1097,0,0,0,0,0,0
17.5344,1,1,,1745,1645,1607,1708,1838,1751,32.344,48.818,55.076,38.475,16.341,22.665,1550,1467,1367,1307,1375,1097,0,0,0,0,0,0
17.5824,1,1,,1745,1640,1593,1708,1831,1767,32.309,49.736,57.492,38.395,17.135,20.577,1550,1467,1367,1307,1375,1097,0,0,0,0,0,0
17.6024,1,1,,1750,1648,1599,1700,1835,1768,31.537,48.261,56.376,39.665,16.715,20.391,1550,1467,1367,1307,1375,1097,0,0,0,0,0,0
17.6344,1,1,,1758,1649,1603,1708,1830,1776,30.078,48.191,55.798,38.380,17.216,19.464,1550,1467,1367,1307,1375,1097,0,0,0,0,0,0
17.6704,1,1,,1759,1671,1627,1706,1830,1752,30.032,44.500,51.787,38.772,17.298,22.436,1550,1467,1367,1307,1375,1097,0,0,0,0,0,0
17.7024,1,1,,1760,1666,1624,1693,1813,1764,29.827,45.372,52.323,40.870,19.229,20.933,1550,1467,1367,1307,1375,1097,0,0,0,0,0,0
17.7343,1,1,,1757,1674,1622,1697,1813,1793,30.278,43.972,52.672,40.232,19.259,17.182,1550,1467,1367,1308,1375,1097,0,0,0,0,0,0
17.7744,1,1,,1758,1672,1625,1695,1804,1787,30.072,44.309,52.143,40.524,20.290,18.016,1550,1467,1367,1307,1375,1097,0,0,0,0,0,0
17.8024,1,1,,1764,1680,1642,1687,1801,1809,29.072,43.003,49.356,41.900,20.655,15.252,1550,1467,1367,1307,1375,1097,0,0,0,0,0,0
17.8344,1,1,,1763,1678,1640,1697,1790,1792,29.290,43.341,49.730,40.266,21.970,17.431,1550,1467,1367,1307,1375,1097,0,0,0,0,0,0
17.8704,1,1,,1764,1670,1635,1701,1795,1793,29.153,44.705,50.554,39.641,21.397,17.264,1550,1467,1367,1307,1375,1097,0,0,0,0,0,0
17.9024,1,1,,1762,1665,1626,1695,1794,1789,29.459,45.443,51.992,40.503,21.413,17.723,1550,1467,1367,1307,1375,1097,0,0,0,0,0,0
17.9344,1,1,,1764,1667,1630,1711,1799,1789,29.169,45.158,51.388,37.928,20.912,17.699,1550,1467,1367,1307,1375,1097,0,0,0,0,0,0
17.9824,1,1,,1754,1660,1618,1711,1812,1782,30.839,46.356,53.353,37.877,19.366,18.664,1550,1467,1367,1307,1375,1097,0,0,0,0,0,0
18.0144,1,1,,1754,1659,1622,1714,1818,1782,30.729,46.477,52.708,37.465,18.698,18.678,1550,1467,1367,1307,1375,1097,0,0,0,0,0,0
18.0344,1,1,,1757,1656,1618,1710,1806,1769,30.308,46.997,53.241,38.083,20.099,20.339,1550,1467,1367,1307,1375,1097,0,0,0,0,0,0
18.0824,1,1,,1742,1654,1617,1708,1817,1770,32.781,47.401,53.383,38.448,18.822,20.166,1550,1467,1367,1307,1375,1097,0,0,0,0,0,0
18.1024,1,1,,1753,1657,1612,1701,1815,1759,31.030,46.850,54.285,39.516,19.019,21.543,1550,1467,1367,1307,1375,1097,0,0,0,0,0,0
18.1344,1,1,,1754,1659,1611,1701,1819,1776,30.767,46.446,54.494,39.542,18.561,19.418,1550,1467,1367,1307,1375,1097,0,0,0,0,0,0
18.1704,1,1,,1749,1657,1609,1701,1809,1778,31.583,46.901,54.817,39.488,19.708,19.162,1550,1467,1367,1307,1375,1097,0,0,0,0,0,0
18.2024,1,1,,1757,1657,1617,1706,1816,1780,30.374,46.784,53.526,38.757,18.955,18.849,1550,1467,1367,1307,1375,1097,0,0,0,0,0,0
18.2344,1,1,,1758,1659,1613,1706,1813,1773,30.151,46.504,54.081,38.816,19.284,19.761,1550,1467,1367,1307,1375,1097,0,0,0,0,0,0
18.2704,1,1,,1761,1661,1616,1701,1816,1775,29.720,46.237,53.627,39.642,18.949,19.610,1550,1467,1367,1307,1375,1097,0,0,0,0,0,0
18.3024,1,1,,1756,1661,1619,1704,1806,1784,30.550,46.116,53.155,39.010,20.013,18.360,1550,1467,1367,1307,1375,1097,0,0,0,0,0,0
18.3344,1,1,,1760,1664,1623,1706,1803,1785,29.880,45.690,52.394,38.667,20.471,18.236,1550,1467,1367,1307,1375,1097,0,0,0,0,0,0
18.3824,1,1,,1752,1657,1618,1702,1801,1782,31.160,46.929,53.260,39.388,20.611,18.685,1550,1467,1367,1307,1375,1097,0,0,0,0,0,0
18.4144,1,1,,1748,1660,1616,1703,1800,1782,31.728,46.414,53.629,39.223,20.749,18.635,1550,1467,1367,1307,1375,1097,0,0,0,0,0,0
18.4344,1,1,,1747,1657,1614,1706,1810,1768,31.942,46.918,53.927,38.766,19.596,20.444,1550,1467,1367,1307,1375,1097,0,0,0,0,0,0
18.4704,1,1,,1742,1651,1610,1707,1816,1784,32.712,47.763,54.645,38.513,18.876,18.363,1550,1467,1367,1307,1375,1097,0,0,0,0,0,0
18.5024,1,1,,1749,1657,1615,1705,1816,1777,31.549,46.838,53.801,38.978,18.858,19.263,1550,1467,1367,1307,1375,1097,0,0,0,0,0,0
18.5344,1,1,,1747,1656,1612,1705,1818,1766,31.932,47.006,54.313,38.958,18.709,20.729,1550,1467,1367,1307,1375,1097,0,0,0,0,0,0
18.5704,1,1,,1748,1661,1620,1711,1817,1769,31.777,46.174,52.968,37.955,18.791,20.295,1550,1467,1367,1307,1375,1097,0,0,0,0,0,0
18.6024,1,1,,1754,1662,1623,1707,1813,1774,30.795,46.014,52.470,38.631,19.260,19.695,1550,1467,1367,1307,1375,1097,0,0,0,0,0,0
18.6344,1,1,,1748,1659,1615,1707,1816,1775,31.781,46.587,53.785,38.573,18.955,19.607,1550,1467,1367,1307,1375,1097,0,0,0,0,0,0
18.6704,1,1,,1746,1657,1619,1709,1819,1767,32.074,46.856,53.125,38.175,18.572,20.638,1550,1467,1367,1308,1375,1097,0,0,0,0,0,0
18.7024,1,1,,1749,1659,1623,1707,1814,1763,31.642,46.513,52.463,38.572,19.154,21.095,1550,1467,1367,1307,1375,1097,0,0,0,0,0,0
18.7464,1,1,,1746,1651,1609,1707,1814,1774,32.150,47.913,54.848,38.636,19.102,19.622,1550,1467,1367,1307,1375,1097,0,0,0,0,0,0
18.7704,1,1,,1743,1655,1623,1701,1812,1767,32.606,47.197,52.544,39.531,19.374,20.574,1550,1467,1367,1307,1375,1097,0,0,0,0,0,0
18.8024,1,1,,1747,1655,1615,1711,1816,1771,31.937,47.226,53.796,37.878,18.921,20.010,1550,1467,1367,1307,1375,1097,0,0,0,0,0,0
18.8344,1,1,,1756,1657,1614,1715,1816,1788,30.477,46.816,54.041,37.331,18.903,17.934,1550,1467,1367,1307,1375,1097,0,0,0,0,0,0
18.8824,1,1,,1754,1657,1618,1707,1813,1778,30.805,46.887,53.352,38.593,19.252,19.209,1550,1467,1367,1307,1375,1097,0,0,0,0,0,0
18.9144,1,1,,1749,1649,1609,1705,1813,1781,31.681,48.091,54.773,38.835,19.228,18.754,1550,1467,1367,1307,1375,1097,0,0,0,0,0,0
18.9344,1,1,,1753,1657,1617,1708,1811,1783,30.951,46.871,53.403,38.419,19.447,18.531,1550,1467,1367,1308,1375,1097,0,0,0,0,0,0
18.9824,1,1,,1751,1660,1624,1704,1809,1783,31.360,46.391,52.263,39.057,19.741,18.572,1550,1467,1367,1307,1375,1097,0,0,0,0,0,0
19.0024,1,1,,1756,1660,1621,1707,1813,1790,30.459,46.392,52.826,38.657,19.302,17.569,1550,1467,1367,1307,1375,1097,0,0,0,0,0,0
19.0344,1,1,,1752,1661,1621,1704,1808,1791,31.183,46.179,52.742,39.114,19.818,17.509,1550,1467,1367,1307,1375,1097,0,0,0,0,0,0
19.0824,1,1,,1750,1657,1617,1700,1808,1793,31.396,46.926,53.433,39.663,19.865,17.245,1550,1467,1367,1307,1375,1097,0,0,0,0,0,0
19.1144,1,1,,1752,1657,1618,1710,1819,1785,31.113,46.776,53.335,38.121,18.586,18.328,1550,1467,1367,1307,1375,1097,0,0,0,0,0,0
19.1344,1,1,,1752,1654,1616,1704,1817,1790,31.149,47.347,53.707,39.038,18.839,17.587,1550,1467,1367,1307,1375,1097,0,0,0,0,0,0
19.1824,1,1,,1749,1655,1611,1707,1815,1790,31.593,47.184,54.492,38.603,19.001,17.610,1550,1467,1367,1307,1375,1097,0,0,0,0,0,0
19.2024,1,1,,1749,1656,1614,1704,1810,1777,31.698,47.087,53.912,39.129,19.541,19.344,1550,1467,1367,1307,1375,1097,0,0,0,0,0,0
19.2344,1,1,,1750,1658,1615,1706,1814,1779,31.536,46.722,53.817,38.727,19.140,19.095,1550,1467,1367,1307,1375,1097,0,0,0,0,0,0
19.2704,1,1,,1744,1655,1608,1702,1807,1772,32.393,47.213,54.877,39.334,19.923,19.984,1550,1467,1367,1307,1375,1097,0,0,0,0,0,0
19.3024,1,1,,1741,1655,1614,1701,1806,1780,32.988,47.185,53.922,39.530,20.023,18.941,1550,1467,1367,1307,1375,1097,0,0,0,0,0,0
19.3344,1,1,,1749,1653,1613,1699,1814,1771,31.603,47.483,54.199,39.880,19.182,20.049,1550,1467,1367,1307,1375,1097,0,0,0,0,0,0
19.3704,1,1,,1748,1656,1616,1702,1815,1781,31.825,46.996,53.568,39.419,18.965,18.777,1550,1467,1367,1307,1375,1097,0,0,0,0,0,0
19.4024,1,1,,1752,1657,1616,1705,1818,1784,31.062,46.916,53.574,38.826,18.673,18.382,1550,1467,1367,1307,1375,1097,0,0,0,0,0,0
19.4344,1,1,,1758,1662,1617,1700,1810,1786,30.094,46.035,53.505,39.748,19.586,18.185,1550,1467,1367,1307,1375,1097,0,0,0,0,0,0
19.4744,1,1,,1758,1660,1615,1705,1810,1782,30.100,46.373,53.724,38.900,19.610,18.645,1550,1467,1367,1307,1375,1097,0,0,0,0,0,0
19.5024,1,1,,1756,1656,1607,1699,1813,1789,30.457,47.003,55.065,39.965,19.241,17.720,1550,1467,1367,1307,1375,1097,0,0,0,0,0,0
19.5344,1,1,,1751,1659,1611,1702,1810,1790,31.326,46.574,54.498,39.443,19.606,17.613,1550,1467,1367,1307,1375,1097,0,0,0,0,0,0
19.5704,1,1,,1748,1654,1612,1701,1808,1785,31.748,47.316,54.304,39.557,19.798,18.297,1550,1467,1367,1307,1375,1097,0,0,0,0,0,0
19.6384,1,1,,1758,1659,1622,1699,1808,1781,30.113,46.442,52.609,39.847,19.838,18.798,1550,1467,1367,1307,1375,1097,0,0,0,0,0,0
19.6664,1,1,,1759,1663,1621,1703,1811,1789,29.924,45.866,52.800,39.275,19.455,17.799,1550,1467,1367,1307,1375,1097,0,0,0,0,0,0
19.7344,1,1,,1758,1658,1616,1704,1813,1786,30.135,46.729,53.607,39.022,19.262,18.199,1550,1467,1367,1307,1375,1097,0,0,0,0,0,0
19.7464,1,1,,1759,1660,1619,1707,1812,1786,30.024,46.293,53.191,38.634,19.339,18.190,1550,1467,1367,1307,1375,1097,0,0,0,0,0,0
19.7764,1,1,,1758,1659,1619,1709,1813,1789,30.162,46.567,53.092,38.187,19.262,17.742,1550,1467,1367,1307,1375,1097,0,0,0,0,0,0
19.8084,1,1,,1754,1658,1619,1706,1816,1778,30.827,46.700,53.215,38.693,18.877,19.180,1550,1467,1367,1307,1375,1097,0,0,0,0,0,0
19.8284,1,1,,1753,1657,1619,1701,1812,1783,30.917,46.869,53.058,39.538,19.364,18.516,1550,1467,1367,1307,1375,1097,0,0,0,0,0,0
19.8484,1,1,,1752,1657,1618,1705,1814,1780,31.155,46.805,53.279,38.843,19.081,18.849,1550,1467,1367,1307,1375,1097,0,0,0,0,0,0
19.8704,1,1,,1757,1665,1625,1708,1812,1767,30.373,45.514,52.180,38.452,19.402,20.629,1550,1467,1367,1307,1375,1097,0,0,0,0,0,0
19.9064,1,1,,1752,1661,1625,1708,1815,1781,31.117,46.189,52.215,38.452,19.012,18.784,1550,1467,1367,1307,1375,1097,0,0,0,0,0,0
19.9384,1,1,,1756,1663,1626,1701,1811,1782,30.434,45.890,51.910,39.557,19.447,18.638,1550,1467,1367,1307,1375,1097,0,0,0,0,0,0
19.9724,1,1,,1754,1659,1620,1702,1807,1783,30.837,46.468,52.983,39.455,19.942,18.501,1550,1467,1367,1307,1375,1097,0,0,0,0,0,0
