t,seen,trust,why,tgt_pinky,tgt_ring,tgt_middle,tgt_index,tgt_thumb_bend,tgt_thumb_rot,curl_pinky,curl_ring,curl_middle,curl_index,thumb_flexion,opposition,ang_pinky,ang_ring,ang_middle,ang_index,ang_thumb_bend,ang_thumb_rot,cur_pinky,cur_ring,cur_middle,cur_index,cur_thumb_bend,cur_thumb_rot,sta_pinky,sta_ring,sta_middle,sta_index,sta_thumb_bend,sta_thumb_rot,gain_pinky,gain_ring,gain_middle,gain_index,gain_thumb_bend,gain_thumb_rot,sent_pinky,sent_ring,sent_middle,sent_index,sent_thumb_bend,sent_thumb_rot,sent,mode,applying,deg
1786353606.850286,0,1,,,,,,,,,,,,,,1648,1607,1604,1572,1251,1521,0,0,0,0,0,0,2,1,1,2,1,1,4.9908,4.9908,4.9908,4.9908,2.9084,7.0640,,,,,,,0,on,1,1.5000
1786353606.873029,0,1,,,,,,,,,,,,,,1648,1607,1604,1572,1251,1521,0,0,0,0,0,0,2,1,1,2,1,1,4.9908,4.9908,4.9908,4.9908,2.9084,7.0640,,,,,,,0,on,1,1.5000
1786353606.898961,0,1,,,,,,,,,,,,,,1648,1607,1604,1572,1251,1521,0,0,0,0,0,0,2,1,1,2,1,1,4.9908,4.9908,4.9908,4.9908,2.9084,7.0640,,,,,,,0,on,1,1.5000
1786353606.920231,0,1,,,,,,,,,,,,,,1648,1607,1604,1572,1251,1521,0,0,0,0,0,0,2,1,1,2,1,1,4.9908,4.9908,4.9908,4.9908,2.9084,7.0640,,,,,,,0,on,1,1.5000
1786353606.952223,0,1,,,,,,,,,,,,,,1648,1607,1604,1572,1251,1521,0,0,0,0,0,0,2,1,1,2,1,1,4.9908,4.9908,4.9908,4.9908,2.9084,7.0640,,,,,,,0,on,1,1.5000
1786353606.988152,0,1,,,,,,,,,,,,,,1648,1607,1604,1572,1251,1521,0,0,0,0,0,0,2,1,1,2,1,1,4.9908,4.9908,4.9908,4.9908,2.9084,7.0640,,,,,,,0,on,1,1.5000
1786353607.019659,0,1,,,,,,,,,,,,,,1648,1607,1604,1572,1251,1521,0,0,0,0,0,0,2,1,1,2,1,1,4.9908,4.9908,4.9908,4.9908,2.9084,7.0640,,,,,,,0,on,1,1.5000
1786353607.053028,0,1,,,,,,,,,,,,,,1648,1607,1604,1572,1251,1521,0,0,0,0,0,0,2,1,1,2,1,1,4.9908,4.9908,4.9908,4.9908,2.9084,7.0640,,,,,,,0,on,1,1.5000
1786353607.088177,0,1,,,,,,,,,,,,,,1648,1607,1604,1572,1251,1521,0,0,0,0,0,0,2,1,1,2,1,1,4.9908,4.9908,4.9908,4.9908,2.9084,7.0640,,,,,,,0,on,1,1.5000
1786353607.120311,0,1,,,,,,,,,,,,,,1648,1607,1604,1572,1251,1521,0,0,0,0,0,0,2,2,2,2,1,1,4.9908,4.9908,4.9908,4.9908,2.9084,7.0640,,,,,,,0,on,1,1.5000
1786353607.152049,0,1,,,,,,,,,,,,,,1648,1607,1604,1572,1251,1521,0,0,0,0,0,0,2,2,2,2,1,1,4.9908,4.9908,4.9908,4.9908,2.9084,7.0640,,,,,,,0,on,1,1.5000
1786353607.190374,0,1,,,,,,,,,,,,,,1648,1607,1604,1572,1251,1521,0,0,0,0,0,0,2,2,2,2,1,1,4.9908,4.9908,4.9908,4.9908,2.9084,7.0640,,,,,,,0,on,1,1.5000
1786353607.222292,0,1,,,,,,,,,,,,,,1648,1607,1604,1572,1251,1521,0,0,0,0,0,0,2,2,2,2,1,2,4.9908,4.9908,4.9908,4.9908,2.9084,7.0640,,,,,,,0,on,1,1.5000
1786353607.257198,1,1,,1324.0000,1282.0000,1255.0000,1294.0000,1289.0000,1374.0000,114.627,123.115,128.612,120.692,41.631,55.596,1648,1607,1604,1572,1251,1521,0,0,0,0,0,0,2,2,2,2,1,2,4.9908,4.9908,4.9908,4.9908,2.9084,7.0640,1324.0000,1282.0000,1255.0000,1294.0000,1289.0000,1374.0000,0,on,1,1.5000
1786353607.286906,0,1,,,,,,,,,,,,,,1648,1607,1604,1572,1251,1521,0,0,0,0,0,0,2,2,2,2,1,2,4.9908,4.9908,4.9908,4.9908,2.9084,7.0640,,,,,,,0,on,1,1.5000
1786353607.327845,1,1,,1387.0000,1395.0000,1515.0000,1419.0000,1313.0000,1589.0000,102.034,100.544,76.486,95.669,33.247,25.135,1648,1607,1604,1572,1251,1521,0,0,0,0,0,0,2,2,2,2,1,2,4.9908,4.9908,4.9908,4.9908,2.9084,7.0640,1331.9404,1304.0334,1345.1023,1320.2430,1289.0000,1439.9153,0,on,1,1.5000
1786353607.347493,1,0,handedness unsure,1577.0000,1554.0000,1629.0000,1392.0000,1312.0000,1571.0000,63.961,68.666,53.621,101.001,33.761,27.761,1648,1607,1604,1572,1251,1521,0,0,0,0,0,0,2,2,2,2,1,2,4.9908,4.9908,4.9908,4.9908,2.9084,7.0640,1386.3336,1363.1720,1426.5864,1328.4712,1289.0000,1439.9153,0,on,1,1.5000
1786353607.383339,1,0,hand looks flipped,1444.0000,1417.0000,1590.0000,1390.0000,1318.0000,1846.0000,90.715,96.104,61.486,101.498,31.552,-11.152,1648,1607,1604,1572,1251,1521,0,0,0,0,8,0,2,2,2,2,1,2,4.9908,4.9908,4.9908,4.9908,2.9084,7.0640,1401.7534,1378.0765,1490.0532,1339.6184,1289.0000,1439.9153,0,on,1,1.5000
1786353607.415342,1,0,hand looks flipped,1676.0000,1713.0000,1620.0000,1684.0000,1341.0000,1850.0000,44.095,36.801,55.297,42.480,23.720,-53.205,1648,1607,1604,1572,1251,1521,0,0,0,0,20,0,2,2,2,2,1,2,4.9908,4.9908,4.9908,4.9908,2.9084,7.0640,1501.2264,1511.6022,1533.4076,1468.2557,1289.0000,1439.9153,0,on,1,1.5000
1786353607.447836,1,0,hand looks flipped,1706.0000,1699.0000,1686.0000,1625.0000,1292.0000,1850.0000,38.218,39.562,42.166,54.417,40.604,-41.226,1648,1607,1604,1572,1251,1521,0,0,0,0,15,0,2,2,2,2,1,2,4.9908,4.9908,4.9908,4.9908,2.9084,7.0640,1578.9599,1584.7185,1584.2659,1524.4711,1289.0000,1439.9153,0,on,1,1.5000
1786353607.483940,1,0,handedness unsure,1660.0000,1757.0000,1587.0000,1626.0000,1322.0000,1656.0000,47.311,27.852,62.019,54.087,30.207,15.690,1648,1607,1604,1572,1251,1521,0,0,0,0,0,0,2,2,2,2,1,2,4.9908,4.9908,4.9908,4.9908,2.9084,7.0640,1605.3523,1651.6662,1584.2659,1557.5328,1289.0000,1439.9153,0,on,1,1.5000
1786353607.515308,1,0,handedness unsure,1697.0000,1742.0000,1629.0000,1651.0000,1316.0000,1633.0000,39.975,30.868,53.594,49.117,32.313,18.897,1648,1607,1604,1572,1251,1521,0,0,0,0,0,0,2,2,2,2,1,2,4.9908,4.9908,4.9908,4.9908,2.9084,7.0640,1629.9028,1679.1906,1592.5973,1582.6950,1289.0000,1439.9153,0,on,1,1.5000
1786353607.547335,1,1,,1679.0000,1686.0000,1651.0000,1715.0000,1322.0000,1537.0000,43.553,42.238,49.227,36.377,30.258,32.584,1648,1607,1604,1572,1251,1521,0,0,0,0,0,0,2,2,2,2,1,2,4.9908,4.9908,4.9908,4.9908,2.9084,7.0640,1640.6503,1679.1906,1602.5714,1620.3770,1289.0000,1459.9102,0,on,1,1.5000
1786353607.583902,1,1,,1695.0000,1709.0000,1717.0000,1733.0000,1337.0000,1631.0000,40.376,37.589,35.917,32.705,25.128,19.182,1648,1607,1604,1572,1251,1521,0,0,0,0,0,0,2,2,2,2,1,2,4.9908,4.9908,4.9908,4.9908,2.9084,7.0640,1651.6594,1679.1906,1628.9915,1653.2321,1296.9846,1510.2787,0,on,1,1.5000
1786353607.615335,1,1,,1665.0000,1683.0000,1699.0000,1724.0000,1307.0000,1550.0000,46.356,42.802,39.516,34.614,35.429,30.707,1648,1607,1604,1572,1251,1521,0,0,0,0,0,0,2,2,2,2,1,2,4.9908,4.9908,4.9908,4.9908,2.9084,7.0640,1651.6594,1679.1906,1642.7946,1669.5744,1296.9846,1510.2787,0,on,1,1.5000
1786353607.647868,1,1,,1700.0000,1680.0000,1699.0000,1686.0000,1322.0000,1566.0000,39.412,43.433,39.619,42.173,30.246,28.365,1648,1607,1604,1572,1251,1521,0,0,0,0,0,0,2,2,2,2,1,2,4.9908,4.9908,4.9908,4.9908,2.9084,7.0640,1659.5380,1679.1906,1653.0758,1669.5744,1296.9846,1527.0315,0,on,1,1.5000
1786353607.683880,1,1,,1702.0000,1664.0000,1695.0000,1689.0000,1319.0000,1556.0000,38.988,46.517,40.449,41.638,31.324,29.835,1648,1607,1604,1572,1251,1521,0,0,0,0,0,0,2,2,2,2,1,2,4.9908,4.9908,4.9908,4.9908,2.9084,7.0640,1659.5380,1679.1906,1653.0758,1669.5744,1296.9846,1527.0315,0,on,1,1.5000
1786353607.715410,1,1,,1700.0000,1675.0000,1701.0000,1698.0000,1327.0000,1554.0000,39.387,44.336,39.251,39.746,28.460,30.097,1648,1607,1604,1572,1251,1521,0,0,0,0,0,0,2,2,2,2,1,2,4.9908,4.9908,4.9908,4.9908,2.9084,7.0640,1669.2980,1679.1906,1665.6003,1669.5744,1302.8633,1527.0315,0,on,1,1.5000
1786353607.752675,1,1,,1715.0000,1665.0000,1692.0000,1690.0000,1328.0000,1545.0000,36.322,46.439,41.030,41.414,28.111,31.439,1648,1607,1604,1572,1251,1521,0,0,0,0,0,0,2,2,2,2,1,2,4.9908,4.9908,4.9908,4.9908,2.9084,7.0640,1669.2980,1679.1906,1665.6003,1677.8459,1302.8633,1527.0315,0,on,1,1.5000
1786353607.783338,1,1,,1708.0000,1605.0000,1631.0000,1661.0000,1328.0000,1553.0000,37.717,58.401,53.277,47.111,28.178,30.331,1648,1607,1604,1572,1251,1521,0,0,0,0,0,0,2,2,2,2,1,2,4.9908,4.9908,4.9908,4.9908,2.9084,7.0640,1678.9057,1679.1906,1665.6003,1677.8459,1302.8633,1527.0315,0,on,1,1.5000
1786353607.815845,1,1,,1603.0000,1527.0000,1547.0000,1626.0000,1355.0000,1580.0000,58.826,73.921,70.082,54.229,18.914,26.517,1648,1607,1604,1572,1251,1521,0,0,0,0,0,0,2,2,2,2,1,2,4.9908,4.9908,4.9908,4.9908,2.9084,7.0640,1678.9057,1640.9030,1650.0390,1677.8459,1311.8086,1540.4234,0,on,1,1.5000
1786353607.847883,1,1,,1397.0000,1316.0000,1316.0000,1509.0000,1336.0000,1499.0000,100.063,116.246,116.233,77.550,25.482,37.901,1648,1607,1604,1572,1251,1521,0,0,0,0,0,0,2,2,2,2,1,2,4.9908,4.9908,4.9908,4.9908,2.9084,7.0640,1592.4287,1516.7143,1528.9255,1638.1921,1311.8086,1540.4234,0,on,1,1.5000
1786353607.883832,1,1,,1263.0000,1177.0000,1148.0000,1231.0000,1334.0000,1474.0000,126.842,144.095,150.049,133.277,26.183,41.478,1648,1607,1604,1572,1251,1521,0,0,0,0,0,0,2,2,2,2,1,2,4.9908,4.9908,4.9908,4.9908,2.9084,7.0640,1451.6810,1358.0203,1347.5747,1460.3523,1311.8086,1540.4234,0,on,1,1.5000
1786353607.915868,1,1,,1237.0000,1146.0000,1144.0000,1182.0000,1264.0000,1429.0000,132.033,150.436,150.849,143.234,50.269,47.865,1648,1607,1604,1572,1251,1521,0,0,0,0,0,0,2,2,2,2,1,2,4.9908,4.9908,4.9908,4.9908,2.9084,7.0640,1365.2785,1268.2476,1261.1097,1338.6146,1311.8086,1515.4653,0,on,1,1.5000
1786353607.947976,1,1,,1129.0000,1078.0000,1105.0000,1126.0000,1232.0000,1444.0000,153.746,164.045,158.592,154.391,61.080,45.719,1648,1607,1604,1572,1251,1521,0,0,0,0,0,0,2,2,2,2,1,2,4.9908,4.9908,4.9908,4.9908,2.9084,7.0640,1267.2065,1191.3272,1200.5937,1248.6184,1303.6177,1502.6331,0,on,1,1.5000
1786353607.983343,1,1,,1120.0000,1057.0000,1078.0000,1111.0000,1238.0000,1431.0000,155.607,168.102,163.918,157.363,59.228,47.480,1648,1607,1604,1572,1251,1521,0,0,0,0,0,0,2,2,2,2,2,2,4.9908,4.9908,4.9908,4.9908,2.9084,7.0640,1209.9433,1140.9743,1156.8064,1195.0838,1293.3737,1488.8268,0,on,1,1.5000
1786353608.015877,1,1,,1098.0000,1040.0000,1061.0000,1072.0000,1233.0000,1356.0000,160.039,171.627,167.385,165.169,60.781,58.099,1648,1607,1604,1572,1251,1521,0,0,0,0,0,0,2,2,2,2,2,2,4.9908,4.9908,4.9908,4.9908,2.9084,7.0640,1173.3824,1109.6009,1128.4126,1154.0141,1284.0109,1457.1517,0,on,1,1.5000
1786353608.047857,1,1,,1106.0000,1034.0000,1061.0000,1089.0000,1212.0000,1392.0000,158.451,172.874,167.303,161.864,68.087,53.076,1648,1607,1604,1572,1251,1521,0,0,0,0,0,0,2,2,2,2,2,2,4.9908,4.9908,4.9908,4.9908,2.9084,7.0640,1155.4328,1089.7547,1111.7480,1136.5116,1271.7448,1443.4492,0,on,1,1.5000
1786353608.083854,1,1,,1100.0000,1034.0000,1057.0000,1085.0000,1203.0000,1411.0000,159.625,174.231,168.282,162.538,71.130,50.376,1648,1607,1604,1572,1251,1521,0,0,0,0,0,0,2,2,2,2,2,2,4.9908,4.9908,4.9908,4.9908,2.9084,7.0640,1142.5529,1076.9236,1099.7341,1124.6261,1258.9226,1443.4492,0,on,1,1.5000
1786353608.115861,1,1,,1108.0000,1034.0000,1060.0000,1098.0000,1216.0000,1494.0000,158.027,173.185,167.605,160.045,66.859,38.586,1648,1607,1604,1572,1251,1521,0,0,0,0,0,0,2,2,2,2,2,2,4.9908,4.9908,4.9908,4.9908,2.9084,7.0640,1142.5529,1069.4185,1099.7341,1124.6261,1252.4498,1443.4492,0,on,1,1.5000
1786353608.147345,1,1,,1138.0000,1053.0000,1072.0000,1117.0000,1241.0000,1552.0000,151.866,168.980,165.279,156.088,58.133,30.391,1648,1607,1604,1572,1251,1521,0,0,0,0,0,0,2,2,2,2,2,2,4.9908,4.9908,4.9908,4.9908,2.9084,7.0640,1142.5529,1069.4185,1090.5059,1124.6261,1252.4498,1454.5501,0,on,1,1.5000
1786353608.183325,1,1,,1158.0000,1072.0000,1081.0000,1122.0000,1232.0000,1617.0000,147.989,165.250,163.471,155.081,61.153,21.233,1648,1607,1604,1572,1251,1521,0,0,0,0,0,0,2,2,2,2,2,2,4.9908,4.9908,4.9908,4.9908,2.9084,7.0640,1142.5529,1069.4185,1090.5059,1124.6261,1252.4498,1495.8501,0,on,1,1.5000
1786353608.215860,1,1,,1145.0000,1073.0000,1065.0000,1107.0000,1228.0000,1574.0000,150.469,164.971,166.642,158.255,62.611,27.301,1648,1607,1604,1572,1251,1521,0,0,0,0,0,0,2,2,2,2,2,2,4.9908,4.9908,4.9908,4.9908,2.9084,7.0640,1142.5529,1069.4185,1090.5059,1124.6261,1247.7048,1513.1653,0,on,1,1.5000
1786353608.247828,1,1,,1150.0000,1079.0000,1087.0000,1134.0000,1239.0000,1582.0000,149.574,163.858,162.190,152.674,58.941,26.106,1648,1607,1604,1573,1251,1521,0,0,0,0,0,0,2,2,2,2,2,2,4.9908,4.9908,4.9908,4.9908,2.9084,7.0640,1142.5529,1069.4185,1090.5059,1124.6261,1247.7048,1527.1906,0,on,1,1.5000
1786353608.283854,1,1,,1146.0000,1082.0000,1092.0000,1133.0000,1229.0000,1560.0000,150.344,163.256,161.256,153.046,62.060,29.315,1648,1607,1604,1572,1251,1521,0,0,0,0,0,0,2,2,2,2,2,2,4.9908,4.9908,4.9908,4.9908,2.9084,7.0640,1142.5529,1069.4185,1090.5059,1124.6261,1247.7048,1527.1906,0,on,1,1.5000
1786353608.315873,1,1,,1164.0000,1113.0000,1112.0000,1156.0000,1241.0000,1564.0000,146.787,156.917,157.177,148.388,58.222,28.752,1648,1607,1604,1573,1251,1521,0,0,0,0,0,0,2,2,2,2,2,2,4.9908,4.9908,4.9908,4.9908,2.9084,7.0640,1142.5529,1069.4185,1090.5059,1124.6261,1247.7048,1527.1906,0,on,1,1.5000
1786353608.347839,1,1,,1227.0000,1173.0000,1164.0000,1206.0000,1235.0000,1533.0000,134.093,145.041,146.720,138.371,60.154,33.162,1648,1607,1604,1572,1251,1521,0,0,0,0,0,0,2,2,2,2,2,2,4.9908,4.9908,4.9908,4.9908,2.9084,7.0640,1151.6035,1088.1379,1090.5059,1133.8483,1247.7048,1527.1906,0,on,1,1.5000
1786353608.383348,1,1,,1319.0000,1296.0000,1289.0000,1354.0000,1226.0000,1547.0000,115.762,120.401,121.787,108.644,63.173,31.060,1648,1607,1604,1572,1251,1521,0,0,0,0,0,0,2,2,2,2,2,2,4.9908,4.9908,4.9908,4.9908,2.9084,7.0640,1194.6120,1150.2108,1148.4537,1199.5134,1247.7048,1527.1906,0,on,1,1.5000
1786353608.415337,1,1,,1401.0000,1419.0000,1421.0000,1502.0000,1275.0000,1523.0000,99.184,95.573,95.307,79.034,46.559,34.460,1648,1607,1604,1572,1251,1521,0,0,0,0,0,0,2,2,2,2,2,2,4.9908,4.9908,4.9908,4.9908,2.9084,7.0640,1260.2274,1250.3145,1247.2436,1317.5856,1247.7048,1527.1906,0,on,1,1.5000
1786353608.447378,1,1,,1596.0000,1590.0000,1588.0000,1626.0000,1356.0000,1567.0000,60.165,61.346,61.832,54.280,18.395,28.240,1648,1607,1604,1572,1251,1521,0,0,0,0,0,0,2,2,2,2,2,2,4.9908,4.9908,4.9908,4.9908,2.9084,7.0640,1402.3199,1402.3049,1398.4243,1453.8868,1261.6499,1538.5862,0,on,1,1.5000
1786353608.483863,1,1,,1709.0000,1675.0000,1685.0000,1693.0000,1375.0000,1579.0000,37.631,44.417,42.404,40.763,8.639,26.628,1648,1607,1604,1572,1251,1521,0,0,0,0,0,0,2,2,2,2,2,2,4.9908,4.9908,4.9908,4.9908,2.9084,7.0640,1547.7715,1531.1958,1534.9482,1562.7094,1286.4640,1538.5862,0,on,1,1.5000
1786353608.515554,1,1,,1671.0000,1715.0000,1709.0000,1713.0000,1359.0000,1560.0000,45.117,36.426,37.603,36.748,17.374,29.349,1648,1607,1604,1572,1251,1521,0,0,0,0,0,0,2,2,2,2,2,2,4.9908,4.9908,4.9908,4.9908,2.9084,7.0640,1594.5666,1606.4826,1605.8120,1620.0887,1300.5482,1538.5862,0,on,1,1.5000
1786353608.547461,1,1,,1634.0000,1712.0000,1698.0000,1726.0000,1327.0000,1543.0000,52.517,36.943,39.804,34.122,28.385,31.689,1648,1607,1604,1572,1251,1521,0,0,0,0,0,0,2,2,2,2,2,2,4.9908,4.9908,4.9908,4.9908,2.9084,7.0640,1605.8671,1643.4661,1637.2330,1655.2798,1300.5482,1538.5862,0,on,1,1.5000
1786353608.584052,1,1,,1605.0000,1716.0000,1699.0000,1720.0000,1314.0000,1551.0000,58.305,36.245,39.529,35.277,32.848,30.500,1648,1607,1604,1572,1251,1521,0,0,0,0,0,0,2,2,2,2,2,2,4.9908,4.9908,4.9908,4.9908,2.9084,7.0640,1605.8671,1665.5259,1655.1117,1673.7774,1305.5629,1538.5862,0,on,1,1.5000
1786353608.615945,1,1,,1606.0000,1720.0000,1706.0000,1728.0000,1317.0000,1538.0000,58.183,35.345,38.189,33.841,32.088,32.385,1648,1607,1604,1572,1251,1521,0,0,0,0,0,0,2,2,2,2,2,2,4.9908,4.9908,4.9908,4.9908,2.9084,7.0640,1605.8671,1677.8392,1666.0149,1685.4346,1305.5629,1538.5862,0,on,1,1.5000
1786353608.647891,1,1,,1603.0000,1727.0000,1705.0000,1724.0000,1311.0000,1540.0000,58.833,33.981,38.437,34.530,34.162,32.054,1648,1607,1604,1572,1251,1521,0,0,0,0,0,0,2,2,2,2,2,2,4.9908,4.9908,4.9908,4.9908,2.9084,7.0640,1605.8671,1687.2100,1666.0149,1685.4346,1305.5629,1538.5862,0,on,1,1.5000
1786353608.683874,1,1,,1591.0000,1716.0000,1698.0000,1730.0000,1309.0000,1546.0000,61.150,36.171,39.657,33.254,34.732,31.209,1648,1607,1604,1572,1251,1521,0,0,0,0,0,0,2,2,2,2,2,2,4.9908,4.9908,4.9908,4.9908,2.9084,7.0640,1605.8671,1687.2100,1676.4103,1698.0908,1305.5629,1538.5862,0,on,1,1.5000
1786353608.715478,1,1,,1610.0000,1720.0000,1702.0000,1715.0000,1320.0000,1534.0000,57.397,35.273,39.005,36.347,30.925,32.977,1648,1607,1604,1572,1251,1521,0,0,0,0,0,0,2,2,2,2,2,2,4.9908,4.9908,4.9908,4.9908,2.9084,7.0640,1605.8671,1695.1285,1676.4103,1698.0908,1305.5629,1538.5862,0,on,1,1.5000
1786353608.747853,1,1,,1603.0000,1725.0000,1707.0000,1720.0000,1320.0000,1530.0000,58.725,34.384,38.050,35.422,30.859,33.487,1648,1607,1604,1572,1251,1521,0,0,0,0,0,0,2,2,2,2,2,2,4.9908,4.9908,4.9908,4.9908,2.9084,7.0640,1605.8671,1695.1285,1676.4103,1698.0908,1305.5629,1538.5862,0,on,1,1.5000
1786353608.783323,1,1,,1613.0000,1720.0000,1704.0000,1717.0000,1318.0000,1526.0000,56.766,35.252,38.588,36.040,31.583,34.078,1648,1607,1604,1572,1251,1521,0,0,0,0,0,0,2,2,2,2,2,2,4.9908,4.9908,4.9908,4.9908,2.9084,7.0640,1605.8671,1695.1285,1684.0622,1698.0908,1305.5629,1538.5862,0,on,1,1.5000
1786353608.815855,1,1,,1618.0000,1723.0000,1708.0000,1719.0000,1316.0000,1535.0000,55.725,34.828,37.849,35.492,32.368,32.804,1648,1607,1604,1572,1251,1521,0,0,0,0,0,0,2,2,2,2,2,2,4.9908,4.9908,4.9908,4.9908,2.9084,7.0640,1605.8671,1695.1285,1684.0622,1698.0908,1305.5629,1538.5862,0,on,1,1.5000
1786353608.847853,1,1,,1615.0000,1724.0000,1707.0000,1723.0000,1315.0000,1534.0000,56.426,34.537,37.965,34.649,32.606,32.952,1648,1607,1604,1572,1251,1521,0,0,0,0,0,0,2,2,2,2,2,2,4.9908,4.9908,4.9908,4.9908,2.9084,7.0640,1605.8671,1704.0802,1684.0622,1698.0908,1305.5629,1538.5862,0,on,1,1.5000
1786353608.883845,1,1,,1608.0000,1722.0000,1703.0000,1730.0000,1313.0000,1541.0000,57.783,34.913,38.715,33.444,33.481,31.992,1648,1607,1604,1572,1251,1521,0,0,0,0,0,0,2,2,2,2,2,2,4.9908,4.9908,4.9908,4.9908,2.9084,7.0640,1605.8671,1704.0802,1684.0622,1707.1368,1305.5629,1538.5862,0,on,1,1.5000
1786353608.915868,1,1,,1605.0000,1723.0000,1701.0000,1722.0000,1314.0000,1535.0000,58.426,34.682,39.182,34.854,33.134,32.840,1648,1607,1604,1572,1251,1521,0,0,0,0,0,0,2,2,2,2,2,2,4.9908,4.9908,4.9908,4.9908,2.9084,7.0640,1605.8671,1704.0802,1684.0622,1707.1368,1305.5629,1538.5862,0,on,1,1.5000
1786353608.947328,1,1,,1617.0000,1724.0000,1688.0000,1705.0000,1320.0000,1513.0000,56.003,34.553,41.815,38.417,30.935,35.928,1648,1607,1604,1572,1251,1521,0,0,0,0,0,0,2,2,2,2,2,2,4.9908,4.9908,4.9908,4.9908,2.9084,7.0640,1605.8671,1704.0802,1684.0622,1707.1368,1305.5629,1538.5862,0,on,1,1.5000
1786353608.983854,1,1,,1617.0000,1696.0000,1663.0000,1686.0000,1306.0000,1468.0000,56.060,40.060,46.690,42.145,35.661,42.360,1648,1607,1604,1572,1251,1521,0,0,0,0,0,0,2,2,2,2,2,2,4.9908,4.9908,4.9908,4.9908,2.9084,7.0640,1605.8671,1704.0802,1684.0622,1707.1368,1305.5629,1538.5862,0,on,1,1.5000
1786353609.015355,1,1,,1656.0000,1648.0000,1658.0000,1672.0000,1292.0000,1495.0000,48.261,49.825,47.839,45.040,40.454,38.469,1648,1607,1604,1572,1251,1521,0,0,0,0,0,0,2,2,2,2,2,2,4.9908,4.9908,4.9908,4.9908,2.9084,7.0640,1605.8671,1704.0802,1684.0622,1707.1368,1305.5629,1526.5586,0,on,1,1.5000
1786353609.047381,1,1,,1512.0000,1588.0000,1574.0000,1592.0000,1361.0000,1503.0000,77.060,61.819,64.667,61.001,16.844,37.413,1648,1607,1604,1572,1251,1521,0,0,0,0,0,0,2,2,2,2,2,2,4.9908,4.9908,4.9908,4.9908,2.9084,7.0640,1605.8671,1682.6178,1668.0066,1686.2129,1312.4005,1526.5586,0,on,1,1.5000
1786353609.083343,1,0,handedness unsure,1432.0000,1478.0000,1376.0000,1506.0000,1262.0000,1501.0000,93.053,83.823,104.347,78.319,50.812,37.616,1648,1607,1604,1572,1251,1521,0,0,0,0,0,0,2,2,2,2,2,2,4.9908,4.9908,4.9908,4.9908,2.9084,7.0640,1560.6786,1620.4950,1563.4412,1635.4118,1312.4005,1526.5586,0,on,1,1.5000
1786353609.115852,1,0,handedness unsure,1498.0000,1624.0000,1618.0000,1454.0000,1296.0000,1437.0000,79.925,54.638,55.855,88.589,39.120,46.679,1648,1607,1604,1572,1251,1521,0,0,0,0,0,0,2,2,2,2,2,2,4.9908,4.9908,4.9908,4.9908,2.9084,7.0640,1548.0620,1620.4950,1572.7252,1578.5821,1312.4005,1526.5586,0,on,1,1.5000
1786353609.147285,0,1,,,,,,,,,,,,,,1648,1607,1604,1572,1251,1521,0,0,0,0,0,0,2,2,2,2,2,2,4.9908,4.9908,4.9908,4.9908,2.9084,7.0640,,,,,,,0,on,1,1.5000
1786353609.197140,1,1,,1705.0000,1466.0000,1469.0000,1332.0000,1228.0000,1155.0000,38.323,86.247,85.556,113.028,62.547,86.580,1648,1607,1604,1572,1251,1521,0,0,0,0,0,0,2,2,2,2,2,2,4.9908,4.9908,4.9908,4.9908,2.9084,7.0640,1567.7796,1570.6466,1544.5566,1465.6814,1302.1603,1357.8266,0,on,1,1.5000
1786353609.215955,1,1,,1682.0000,1288.0000,1446.0000,1240.0000,1333.0000,1184.0000,42.973,121.903,90.230,131.425,26.380,82.572,1648,1607,1604,1572,1251,1521,0,0,0,0,0,0,2,2,2,2,2,2,4.9908,4.9908,4.9908,4.9908,2.9084,7.0640,1582.2372,1492.7649,1529.9874,1402.0107,1302.1603,1314.1043,0,on,1,1.5000
1786353609.247896,1,1,,1723.0000,1573.0000,1517.0000,1436.0000,1342.0000,1123.0000,34.675,64.736,75.945,92.310,23.442,91.099,1648,1607,1604,1572,1251,1521,0,0,0,0,0,0,2,2,2,2,2,2,4.9908,4.9908,4.9908,4.9908,2.9084,7.0640,1617.7840,1508.8309,1529.9874,1410.3860,1302.1603,1243.3240,0,on,1,1.5000
1786353609.283517,1,1,,1629.0000,1567.0000,1473.0000,1415.0000,1366.0000,1195.0000,53.654,66.005,84.821,96.544,15.106,80.953,1648,1607,1604,1572,1251,1521,0,0,0,0,0,0,2,2,2,2,2,2,4.9908,4.9908,4.9908,4.9908,2.9084,7.0640,1617.7840,1508.8309,1518.9351,1410.3860,1312.6599,1228.9558,0,on,1,1.5000
1786353609.315905,1,1,,1575.0000,1513.0000,1466.0000,1423.0000,1369.0000,1213.0000,64.405,76.899,86.255,94.922,14.175,78.416,1648,1607,1604,1572,1251,1521,0,0,0,0,0,0,2,2,2,2,2,2,4.9908,4.9908,4.9908,4.9908,2.9084,7.0640,1617.7840,1508.8309,1510.9530,1410.3860,1320.1510,1228.9558,0,on,1,1.5000
1786353609.347932,1,1,,1617.0000,1562.0000,1472.0000,1428.0000,1365.0000,1271.0000,55.932,67.025,85.100,93.797,15.379,70.239,1648,1607,1604,1572,1251,1521,0,0,0,0,0,0,2,2,2,2,2,2,4.9908,4.9908,4.9908,4.9908,2.9084,7.0640,1617.7840,1508.8309,1510.9530,1410.3860,1326.0463,1228.9558,0,on,1,1.5000
1786353609.383452,0,1,,,,,,,,,,,,,,1648,1607,1604,1572,1251,1521,0,0,0,0,0,0,2,2,2,2,2,2,4.9908,4.9908,4.9908,4.9908,2.9084,7.0640,,,,,,,0,on,1,1.5000
1786353609.420236,0,1,,,,,,,,,,,,,,1648,1607,1604,1572,1251,1521,0,0,0,0,0,0,2,2,2,2,2,2,4.9908,4.9908,4.9908,4.9908,2.9084,7.0640,,,,,,,0,on,1,1.5000
1786353609.461766,0,1,,,,,,,,,,,,,,1648,1607,1604,1572,1251,1521,0,0,0,0,0,0,2,2,2,2,2,2,4.9908,4.9908,4.9908,4.9908,2.9084,7.0640,,,,,,,0,on,1,1.5000
1786353609.488162,0,1,,,,,,,,,,,,,,1648,1607,1604,1572,1251,1521,0,0,0,0,0,0,2,2,2,2,2,2,4.9908,4.9908,4.9908,4.9908,2.9084,7.0640,,,,,,,0,on,1,1.5000
1786353609.519478,0,1,,,,,,,,,,,,,,1648,1607,1604,1572,1251,1521,0,0,0,0,0,0,2,2,2,2,2,2,4.9908,4.9908,4.9908,4.9908,2.9084,7.0640,,,,,,,0,on,1,1.5000
1786353609.552559,0,1,,,,,,,,,,,,,,1648,1607,1604,1572,1251,1521,0,0,0,0,0,0,2,2,2,2,2,2,4.9908,4.9908,4.9908,4.9908,2.9084,7.0640,,,,,,,0,on,1,1.5000
1786353609.598051,0,1,,,,,,,,,,,,,,1648,1607,1604,1572,1251,1521,0,0,0,0,0,0,2,2,2,2,2,2,4.9908,4.9908,4.9908,4.9908,2.9084,7.0640,,,,,,,0,on,1,1.5000
1786353609.619660,0,1,,,,,,,,,,,,,,1648,1607,1604,1572,1251,1521,0,0,0,0,0,0,2,2,2,2,2,2,4.9908,4.9908,4.9908,4.9908,2.9084,7.0640,,,,,,,0,on,1,1.5000
1786353609.662153,0,1,,,,,,,,,,,,,,1648,1607,1604,1572,1251,1521,0,0,0,0,0,0,2,2,2,2,2,2,4.9908,4.9908,4.9908,4.9908,2.9084,7.0640,,,,,,,0,on,1,1.5000
1786353609.688086,0,1,,,,,,,,,,,,,,1648,1607,1604,1572,1251,1521,0,0,0,0,0,0,2,2,2,2,2,2,4.9908,4.9908,4.9908,4.9908,2.9084,7.0640,,,,,,,0,on,1,1.5000
1786353609.720166,0,1,,,,,,,,,,,,,,1648,1607,1604,1572,1251,1521,0,0,0,0,0,0,2,2,2,2,2,2,4.9908,4.9908,4.9908,4.9908,2.9084,7.0640,,,,,,,0,on,1,1.5000
1786353609.752086,0,1,,,,,,,,,,,,,,1648,1607,1604,1572,1251,1521,0,0,0,0,0,0,2,2,2,2,2,2,4.9908,4.9908,4.9908,4.9908,2.9084,7.0640,,,,,,,0,on,1,1.5000
1786353609.787561,0,1,,,,,,,,,,,,,,1648,1607,1604,1572,1251,1521,0,0,0,0,0,0,2,2,2,2,2,2,4.9908,4.9908,4.9908,4.9908,2.9084,7.0640,,,,,,,0,on,1,1.5000
1786353609.820085,0,1,,,,,,,,,,,,,,1648,1607,1604,1572,1251,1521,0,0,0,0,0,0,2,2,2,2,2,2,4.9908,4.9908,4.9908,4.9908,2.9084,7.0640,,,,,,,0,on,1,1.5000
1786353609.852153,0,1,,,,,,,,,,,,,,1648,1607,1604,1572,1251,1521,0,0,0,0,0,0,2,2,2,2,2,2,4.9908,4.9908,4.9908,4.9908,2.9084,7.0640,,,,,,,0,on,1,1.5000
1786353609.888100,0,1,,,,,,,,,,,,,,1648,1607,1604,1572,1251,1521,0,0,0,0,0,0,2,2,2,2,2,2,4.9908,4.9908,4.9908,4.9908,2.9084,7.0640,,,,,,,0,on,1,1.5000
1786353609.920186,0,1,,,,,,,,,,,,,,1648,1607,1604,1572,1251,1521,0,0,0,0,0,0,2,2,2,2,2,2,4.9908,4.9908,4.9908,4.9908,2.9084,7.0640,,,,,,,0,on,1,1.5000
1786353609.951627,0,1,,,,,,,,,,,,,,1648,1607,1604,1572,1251,1521,0,0,0,0,0,0,2,2,2,2,2,2,4.9908,4.9908,4.9908,4.9908,2.9084,7.0640,,,,,,,0,on,1,1.5000
1786353609.997937,0,1,,,,,,,,,,,,,,1648,1607,1604,1572,1251,1521,0,0,0,0,0,0,2,2,2,2,2,2,4.9908,4.9908,4.9908,4.9908,2.9084,7.0640,,,,,,,0,on,1,1.5000
1786353610.020182,0,1,,,,,,,,,,,,,,1648,1607,1604,1572,1251,1521,0,0,0,0,0,0,2,2,2,2,2,2,4.9908,4.9908,4.9908,4.9908,2.9084,7.0640,,,,,,,0,on,1,1.5000
1786353610.051596,0,1,,,,,,,,,,,,,,1648,1607,1604,1572,1251,1521,0,0,0,0,0,0,2,2,2,2,2,2,4.9908,4.9908,4.9908,4.9908,2.9084,7.0640,,,,,,,0,on,1,1.5000
1786353610.098038,0,1,,,,,,,,,,,,,,1648,1607,1604,1572,1251,1521,0,0,0,0,0,0,2,2,2,2,2,2,4.9908,4.9908,4.9908,4.9908,2.9084,7.0640,,,,,,,0,on,1,1.5000
1786353610.129991,0,1,,,,,,,,,,,,,,1648,1607,1604,1572,1251,1521,0,0,0,0,0,0,2,2,2,2,2,2,4.9908,4.9908,4.9908,4.9908,2.9084,7.0640,,,,,,,0,on,1,1.5000
1786353610.151610,0,1,,,,,,,,,,,,,,1648,1607,1604,1572,1251,1521,0,0,0,0,0,0,2,2,2,2,2,2,4.9908,4.9908,4.9908,4.9908,2.9084,7.0640,,,,,,,0,on,1,1.5000
1786353610.187568,0,1,,,,,,,,,,,,,,1648,1607,1604,1572,1251,1521,0,0,0,0,0,0,2,2,2,2,2,2,4.9908,4.9908,4.9908,4.9908,2.9084,7.0640,,,,,,,0,on,1,1.5000
1786353610.220093,0,1,,,,,,,,,,,,,,1648,1607,1604,1572,1251,1521,0,0,0,0,0,0,2,2,2,2,2,2,4.9908,4.9908,4.9908,4.9908,2.9084,7.0640,,,,,,,0,on,1,1.5000
1786353610.251725,0,1,,,,,,,,,,,,,,1648,1607,1604,1572,1251,1521,0,0,0,0,0,0,2,2,2,2,2,2,4.9908,4.9908,4.9908,4.9908,2.9084,7.0640,,,,,,,0,on,1,1.5000
1786353610.298081,0,1,,,,,,,,,,,,,,1648,1607,1604,1573,1251,1521,0,0,0,0,0,0,2,2,2,2,2,2,4.9908,4.9908,4.9908,4.9908,2.9084,7.0640,,,,,,,0,on,1,1.5000
1786353610.319620,0,1,,,,,,,,,,,,,,1648,1607,1604,1572,1251,1521,0,0,0,0,0,0,2,2,2,2,2,2,4.9908,4.9908,4.9908,4.9908,2.9084,7.0640,,,,,,,0,on,1,1.5000
1786353610.352084,0,1,,,,,,,,,,,,,,1648,1607,1604,1572,1251,1521,0,0,0,0,0,0,2,2,2,2,2,2,4.9908,4.9908,4.9908,4.9908,2.9084,7.0640,,,,,,,0,on,1,1.5000
1786353610.387500,0,1,,,,,,,,,,,,,,1648,1607,1604,1572,1251,1521,0,0,0,0,0,0,2,2,2,2,2,2,4.9908,4.9908,4.9908,4.9908,2.9084,7.0640,,,,,,,0,on,1,1.5000
1786353610.429959,0,1,,,,,,,,,,,,,,1648,1607,1604,1572,1251,1521,0,0,0,0,0,0,2,2,2,2,2,2,4.9908,4.9908,4.9908,4.9908,2.9084,7.0640,,,,,,,0,on,1,1.5000
1786353610.451629,0,1,,,,,,,,,,,,,,1648,1607,1604,1572,1251,1521,0,0,0,0,0,0,2,2,2,2,2,2,4.9908,4.9908,4.9908,4.9908,2.9084,7.0640,,,,,,,0,on,1,1.5000
1786353610.487771,0,1,,,,,,,,,,,,,,1648,1607,1604,1572,1251,1521,0,0,0,0,0,0,2,2,2,2,2,2,4.9908,4.9908,4.9908,4.9908,2.9084,7.0640,,,,,,,0,on,1,1.5000
1786353610.519777,0,1,,,,,,,,,,,,,,1648,1607,1604,1572,1251,1521,0,0,0,0,0,0,2,2,2,2,2,2,4.9908,4.9908,4.9908,4.9908,2.9084,7.0640,,,,,,,0,on,1,1.5000
1786353610.561936,0,1,,,,,,,,,,,,,,1648,1607,1604,1572,1251,1521,0,0,0,0,0,0,2,2,2,2,2,2,4.9908,4.9908,4.9908,4.9908,2.9084,7.0640,,,,,,,0,on,1,1.5000
1786353610.587650,0,1,,,,,,,,,,,,,,1648,1607,1604,1572,1251,1521,0,0,0,0,0,0,2,2,2,2,2,2,4.9908,4.9908,4.9908,4.9908,2.9084,7.0640,,,,,,,0,on,1,1.5000
1786353610.620081,0,1,,,,,,,,,,,,,,1648,1607,1604,1572,1251,1521,0,0,0,0,0,0,2,2,2,2,2,2,4.9908,4.9908,4.9908,4.9908,2.9084,7.0640,,,,,,,0,on,1,1.5000
1786353610.651658,0,1,,,,,,,,,,,,,,1648,1607,1604,1572,1251,1521,0,0,0,0,0,0,2,2,2,2,2,2,4.9908,4.9908,4.9908,4.9908,2.9084,7.0640,,,,,,,0,on,1,1.5000
1786353610.688158,0,1,,,,,,,,,,,,,,1648,1607,1604,1572,1251,1521,0,0,0,0,0,0,2,2,2,2,2,2,4.9908,4.9908,4.9908,4.9908,2.9084,7.0640,,,,,,,0,on,1,1.5000
1786353610.730019,0,1,,,,,,,,,,,,,,1648,1607,1604,1572,1251,1521,0,0,0,0,0,0,2,2,2,2,2,2,4.9908,4.9908,4.9908,4.9908,2.9084,7.0640,,,,,,,0,on,1,1.5000
1786353610.751662,0,1,,,,,,,,,,,,,,1648,1607,1604,1572,1251,1521,0,0,0,0,0,0,2,2,2,2,2,2,4.9908,4.9908,4.9908,4.9908,2.9084,7.0640,,,,,,,0,on,1,1.5000
1786353610.798016,0,1,,,,,,,,,,,,,,1648,1607,1604,1572,1251,1521,0,0,0,0,0,0,2,2,2,2,2,2,4.9908,4.9908,4.9908,4.9908,2.9084,7.0640,,,,,,,0,on,1,1.5000
1786353610.820087,0,1,,,,,,,,,,,,,,1648,1607,1604,1572,1251,1521,0,0,0,0,0,0,2,2,2,2,2,2,4.9908,4.9908,4.9908,4.9908,2.9084,7.0640,,,,,,,0,on,1,1.5000
1786353610.862092,0,1,,,,,,,,,,,,,,1648,1607,1604,1572,1251,1521,0,0,0,0,0,0,2,2,2,2,2,2,4.9908,4.9908,4.9908,4.9908,2.9084,7.0640,,,,,,,0,on,1,1.5000
1786353610.897624,1,1,,1159.0000,1238.0000,1405.0000,1269.0000,1209.0000,1199.0000,147.822,131.933,98.513,125.800,68.958,80.419,1648,1607,1604,1572,1251,1521,0,0,0,0,0,0,2,2,2,2,2,2,4.9908,4.9908,4.9908,4.9908,2.9084,7.0640,1400.0499,1420.2884,1480.6210,1378.0436,1311.6144,1228.9558,1,on,1,1.5000
1786353610.915993,1,1,,1257.0000,1320.0000,1541.0000,1301.0000,1140.0000,1274.0000,128.117,115.441,71.146,119.249,197.196,69.802,,,,,,,,,,,,,,,,,,,4.9908,4.9908,4.9908,4.9908,2.9084,7.0640,1365.7343,1403.5204,1480.6210,1368.6778,1283.1449,1228.9558,1,on,,1.5000
1786353610.947955,1,1,,1529.0000,1582.0000,1535.0000,1491.0000,1200.0000,1487.0000,73.702,63.009,72.410,81.217,72.175,39.557,1648,1607,1604,1572,1251,1521,0,0,0,0,0,0,1,1,1,1,0,1,4.9908,4.9908,4.9908,4.9908,2.9084,7.0640,1377.8999,1415.4550,1480.6210,1368.6778,1263.3368,1301.4297,1,on,1,1.5000
1786353610.988732,1,1,,1486.0000,1585.0000,1556.0000,1582.0000,1162.0000,1541.0000,82.188,62.460,68.268,63.058,85.370,31.907,1636,1595,1592,1559,1251,1503,104,103,90,75,46,100,1,1,1,1,0,1,4.9908,4.9908,4.9908,4.9908,2.9084,7.0640,1391.1998,1456.6755,1495.7431,1430.7390,1236.2577,1394.9001,1,on,1,1.5000
1786353611.015859,1,1,,1620.0000,1675.0000,1605.0000,1697.0000,1167.0000,1588.0000,55.374,44.309,58.351,39.933,83.434,25.264,1623,1581,1577,1547,1253,1483,115,98,96,81,55,106,1,1,1,1,1,1,4.9908,4.9908,4.9908,4.9908,2.9084,7.0640,1450.5614,1520.0027,1514.7905,1518.1426,1223.0380,1459.4768,1,on,1,1.5000
1786353611.047452,1,0,handedness unsure,1565.0000,1765.0000,1730.0000,1649.0000,1200.0000,1681.0000,66.451,26.387,33.346,49.666,72.336,12.213,1602,1559,1556,1523,1256,1452,107,92,88,60,10,101,1,1,1,1,1,0,4.9908,4.9908,4.9908,4.9908,2.9084,7.0640,1482.7263,1612.8549,1580.6219,1561.9698,1223.0380,1459.4768,1,on,1,1.5000
1786353611.088695,1,0,hand looks flipped,1634.0000,1660.0000,1660.0000,1648.0000,1257.0000,1850.0000,52.523,47.304,47.353,49.785,52.510,-88.639,1579,1540,1536,1516,1257,1447,121,38,32,0,0,0,1,0,0,0,1,0,4.9908,4.9908,4.9908,4.9908,2.9084,7.0640,1533.0889,1627.9976,1603.9425,1589.3546,1223.0380,1459.4768,1,on,1,1.5000
1786353611.120584,1,0,handedness unsure,1639.0000,1716.0000,1789.0000,1654.0000,1202.0000,1850.0000,51.532,36.068,21.512,48.516,71.414,-12.093,1555,1534,1532,1520,1257,1447,86,62,60,73,69,28,1,0,0,0,1,0,4.9908,4.9908,4.9908,4.9908,2.9084,7.0640,1561.5058,1649.8600,1660.6362,1604.0897,1223.0380,1459.4768,1,on,1,1.5000
1786353611.147388,1,1,,1771.0000,1637.0000,1666.0000,1620.0000,1281.0000,1423.0000,25.077,52.050,46.094,55.369,44.393,48.612,1542,1540,1536,1535,1254,1447,0,86,109,77,89,12,0,0,0,0,1,0,4.9908,4.9908,4.9908,4.9908,2.9084,7.0640,1626.7654,1649.8600,1660.6362,1604.0897,1223.0380,1459.4768,1,on,1,1.5000
1786353611.188684,1,1,,1731.0000,1630.0000,1645.0000,1705.0000,1317.0000,1535.0000,33.207,53.303,50.459,38.418,32.078,32.785,1542,1575,1570,1565,1246,1450,40,78,103,63,74,44,0,0,0,0,1,0,4.9908,4.9908,4.9908,4.9908,2.9084,7.0640,1662.2186,1649.8600,1660.6362,1628.8309,1235.8259,1472.7191,1,on,1,1.5000
1786353611.220639,1,1,,1681.0000,1727.0000,1702.0000,1774.0000,1332.0000,1555.0000,43.091,34.031,38.970,24.625,26.681,29.985,1544,1593,1589,1578,1243,1453,80,82,92,53,77,29,0,0,0,0,1,0,4.9908,4.9908,4.9908,4.9908,2.9084,7.0640,1662.2186,1657.5136,1660.6362,1665.1658,1250.9616,1489.7880,1,on,1,1.5000
1786353611.247531,1,1,,1727.0000,1684.0000,1633.0000,1680.0000,1323.0000,1603.0000,34.042,42.599,52.774,43.418,29.895,23.142,1565,1617,1613,1602,1239,1456,97,73,87,50,0,0,0,0,0,0,0,0,4.9908,4.9908,4.9908,4.9908,2.9084,7.0640,1676.4694,1657.5136,1660.6362,1665.1658,1262.3858,1514.4348,1,on,1,1.5000
1786353611.288636,1,1,,1709.0000,1679.0000,1684.0000,1713.0000,1327.0000,1540.0000,37.489,43.572,42.626,36.848,28.671,32.104,1588,1640,1638,1622,1238,1462,95,79,68,36,24,81,0,0,0,0,0,0,4.9908,4.9908,4.9908,4.9908,2.9084,7.0640,1676.4694,1657.5136,1660.6362,1675.7891,1275.3667,1514.4348,1,on,1,1.5000
1786353611.315837,1,1,,1748.0000,1658.0000,1682.0000,1695.0000,1317.0000,1534.0000,29.762,47.680,42.982,40.334,31.828,33.026,1602,1647,1650,1633,1238,1474,97,19,0,38,47,65,0,0,0,0,0,0,4.9908,4.9908,4.9908,4.9908,2.9084,7.0640,1691.8469,1657.5136,1660.6362,1675.7891,1280.9661,1514.4348,1,on,1,1.5000
1786353611.347355,1,1,,1744.0000,1645.0000,1668.0000,1678.0000,1325.0000,1560.0000,30.562,50.354,45.797,43.854,29.135,29.313,1625,1650,1650,1652,1243,1495,101,23,23,58,50,41,0,0,0,0,0,0,4.9908,4.9908,4.9908,4.9908,2.9084,7.0640,1700.0910,1657.5136,1660.6362,1675.7891,1287.2347,1525.9095,1,on,1,1.5000
1786353611.388669,1,1,,1751.0000,1644.0000,1662.0000,1674.0000,1337.0000,1525.0000,29.161,50.570,46.880,44.631,24.946,34.274,1656,1654,1657,1666,1250,1503,67,19,16,8,45,85,0,0,0,0,0,0,4.9908,4.9908,4.9908,4.9908,2.9084,7.0640,1708.8855,1657.5136,1660.6362,1675.7891,1295.2855,1525.9095,1,on,1,1.5000
1786353611.420640,1,1,,1712.0000,1613.0000,1618.0000,1659.0000,1340.0000,1482.0000,36.884,56.812,55.777,47.596,24.069,40.290,1676,1655,1659,1669,1254,1516,72,0,0,19,32,16,0,0,0,0,0,0,4.9908,4.9908,4.9908,4.9908,2.9084,7.0640,1708.8855,1657.5136,1660.6362,1675.7891,1301.1136,1525.9095,1,on,1,1.5000
1786353611.452609,1,1,,1643.0000,1550.0000,1546.0000,1621.0000,1341.0000,1458.0000,50.713,69.393,70.176,55.244,23.550,43.772,1688,1655,1659,1670,1256,1516,71,0,0,0,45,37,0,0,0,0,0,0,4.9908,4.9908,4.9908,4.9908,2.9084,7.0640,1708.8855,1639.0698,1642.4258,1675.7891,1306.1158,1525.9095,1,on,1,1.5000
1786353611.488620,1,1,,1596.0000,1455.0000,1515.0000,1580.0000,1320.0000,1511.0000,60.262,88.398,76.367,63.315,30.948,36.245,1698,1655,1659,1670,1260,1520,31,0,0,13,33,33,0,1,1,0,0,0,4.9908,4.9908,4.9908,4.9908,2.9084,7.0640,1687.4235,1586.3918,1611.7093,1657.0797,1306.1158,1525.9095,1,on,1,1.5000
1786353611.515354,1,1,,1366.0000,1304.0000,1357.0000,1425.0000,1270.0000,1529.0000,106.355,118.787,108.101,94.539,48.260,33.663,1704,1655,1659,1672,1263,1524,21,0,0,0,37,30,1,1,1,1,0,0,4.9908,4.9908,4.9908,4.9908,2.9084,7.0640,1580.5075,1487.6174,1530.7452,1592.6012,1306.1158,1525.9095,1,on,1,1.5000
1786353611.547374,1,1,,1309.0000,1207.0000,1218.0000,1287.0000,1282.0000,1586.0000,117.635,138.055,135.899,122.091,44.092,25.615,1705,1655,1659,1672,1265,1525,0,87,90,0,34,26,1,1,1,1,0,1,4.9908,4.9908,4.9908,4.9908,2.9084,7.0640,1467.2577,1366.9337,1396.5229,1468.0540,1306.1158,1525.9095,1,on,1,1.5000
1786353611.588675,1,1,,1237.0000,1103.0000,1130.0000,1209.0000,1250.0000,1577.0000,132.154,158.916,153.575,137.711,54.871,26.869,1705,1633,1638,1672,1270,1526,78,82,104,60,32,0,1,1,1,1,0,1,4.9908,4.9908,4.9908,4.9908,2.9084,7.0640,1362.9659,1241.4394,1269.6210,1348.5404,1299.6810,1525.9095,1,on,1,1.5000
1786353611.615871,1,1,,1202.0000,1091.0000,1106.0000,1182.0000,1270.0000,1445.0000,139.164,161.381,158.400,143.144,48.035,45.552,1694,1618,1620,1664,1272,1527,114,96,92,101,30,0,1,1,1,1,0,1,4.9908,4.9908,4.9908,4.9908,2.9084,7.0640,1307.0265,1188.0626,1210.3716,1289.3833,1299.6810,1525.9095,1,on,1,1.5000
1786353611.647861,1,1,,1180.0000,1062.0000,1075.0000,1135.0000,1272.0000,1340.0000,143.544,167.273,164.535,152.638,47.285,60.447,1668,1595,1597,1635,1275,1526,109,108,89,73,29,0,1,1,1,1,0,1,4.9908,4.9908,4.9908,4.9908,2.9084,7.0640,1263.0443,1143.8825,1161.5455,1232.7207,1294.9460,1481.9974,1,on,1,1.5000
1786353611.688706,1,1,,1170.0000,1059.0000,1073.0000,1099.0000,1255.0000,1328.0000,145.508,167.778,165.062,159.831,53.139,62.157,1644,1573,1575,1610,1278,1527,90,88,92,80,33,20,1,1,1,1,0,1,4.9908,4.9908,4.9908,4.9908,2.9084,7.0640,1232.5191,1116.2941,1131.9181,1183.3863,1290.2766,1434.6857,1,on,1,1.5000
1786353611.720581,1,1,,1123.0000,1051.0000,1064.0000,1075.0000,1237.0000,1398.0000,154.975,169.324,166.727,164.559,59.351,52.161,1620,1551,1554,1587,1281,1527,103,79,90,66,28,86,1,1,1,1,0,1,4.9908,4.9908,4.9908,4.9908,2.9084,7.0640,1202.9972,1101.0597,1115.5611,1151.9128,1283.8882,1434.6857,1,on,1,1.5000
1786353611.747836,1,1,,1082.0000,1038.0000,1068.0000,1086.0000,1225.0000,1456.0000,163.182,171.952,165.903,162.343,63.675,44.021,1606,1539,1540,1574,1283,1509,97,87,81,82,33,111,1,1,1,1,0,1,4.9908,4.9908,4.9908,4.9908,2.9084,7.0640,1171.9419,1088.9184,1106.8189,1136.8854,1276.3039,1434.6857,1,on,1,1.5000
1786353611.783294,1,1,,1118.0000,1066.0000,1087.0000,1110.0000,1211.0000,1521.0000,155.906,166.410,162.258,157.511,68.475,34.872,1586,1520,1523,1555,1286,1481,107,85,82,59,32,0,1,1,1,1,0,1,4.9908,4.9908,4.9908,4.9908,2.9084,7.0640,1158.7836,1088.9184,1106.8189,1136.8854,1265.2561,1434.6857,1,on,1,1.5000
1786353611.820692,1,1,,1155.0000,1095.0000,1115.0000,1138.0000,1196.0000,1575.0000,148.556,160.615,156.643,151.916,73.647,27.219,1564,1503,1505,1535,1290,1479,82,78,84,68,30,31,1,1,1,1,0,1,4.9908,4.9908,4.9908,4.9908,2.9084,7.0640,1158.7836,1088.9184,1106.8189,1136.8854,1252.6830,1465.9402,1,on,1,1.5000
1786353611.847880,1,1,,1150.0000,1096.0000,1108.0000,1143.0000,1189.0000,1562.0000,149.608,160.364,157.940,150.955,76.008,28.992,1546,1485,1488,1518,1293,1474,76,92,78,59,25,24,1,1,1,1,0,1,4.9908,4.9908,4.9908,4.9908,2.9084,7.0640,1158.7836,1088.9184,1106.8189,1136.8854,1242.9467,1484.5149,1,on,1,1.5000
1786353611.888695,1,1,,1157.0000,1098.0000,1114.0000,1149.0000,1186.0000,1563.0000,148.087,159.898,156.689,149.708,77.165,28.814,1529,1469,1470,1500,1296,1472,79,76,71,49,26,18,1,1,1,1,0,0,4.9908,4.9908,4.9908,4.9908,2.9084,7.0640,1158.7836,1088.9184,1106.8189,1136.8854,1232.2671,1503.0413,1,on,1,1.5000
1786353611.920608,1,1,,1159.0000,1100.0000,1118.0000,1158.0000,1181.0000,1561.0000,147.833,159.496,155.872,147.976,78.892,29.153,1511,1453,1455,1485,1299,1472,82,88,85,67,27,50,1,1,1,1,0,0,4.9908,4.9908,4.9908,4.9908,2.9084,7.0640,1158.7836,1088.9184,1106.8189,1136.8854,1224.5832,1503.0413,1,on,1,1.5000
1786353611.947979,1,1,,1144.0000,1087.0000,1113.0000,1146.0000,1174.0000,1541.0000,150.768,162.185,156.976,150.372,81.161,32.000,1499,1441,1444,1473,1302,1477,81,82,76,55,27,59,1,1,1,1,0,0,4.9908,4.9908,4.9908,4.9908,2.9084,7.0640,1158.7836,1088.9184,1106.8189,1136.8854,1217.6871,1517.0729,1,on,1,1.5000
1786353611.983889,1,1,,1100.0000,1056.0000,1088.0000,1123.0000,1180.0000,1448.0000,159.608,168.314,161.915,154.939,78.977,45.096,1483,1424,1427,1457,1304,1490,86,90,75,77,31,0,1,1,1,1,1,0,4.9908,4.9908,4.9908,4.9908,2.9084,7.0640,1151.0143,1088.9184,1106.8189,1136.8854,1212.2010,1517.0729,1,on,1,1.5000
1786353612.015882,1,1,,1082.0000,1038.0000,1065.0000,1095.0000,1177.0000,1370.0000,163.124,172.029,166.574,160.537,80.134,56.135,1467,1407,1413,1441,1306,1494,90,69,86,78,0,27,1,1,1,1,1,0,4.9908,4.9908,4.9908,4.9908,2.9084,7.0640,1141.5473,1081.2113,1106.8189,1136.8854,1212.2010,1489.9292,1,on,1,1.5000
1786353612.047882,1,1,,1072.0000,1035.0000,1061.0000,1094.0000,1181.0000,1368.0000,165.219,172.659,167.443,160.837,78.770,56.423,1450,1392,1395,1425,1306,1496,89,76,80,57,0,27,1,1,1,1,0,1,4.9908,4.9908,4.9908,4.9908,2.9084,7.0640,1130.4424,1081.2113,1098.4448,1128.8086,1205.0781,1462.1157,1,on,1,1.5000
1786353612.083886,1,1,,1076.0000,1034.0000,1061.0000,1086.0000,1171.0000,1380.0000,164.319,173.534,167.335,162.425,82.320,54.717,1434,1375,1381,1407,1306,1498,95,91,86,70,0,0,1,1,1,1,0,1,4.9908,4.9908,4.9908,4.9908,2.9084,7.0640,1121.4122,1070.9803,1098.4448,1128.8086,1205.0781,1443.0463,1,on,1,1.5000
1786353612.115865,1,1,,1075.0000,1034.0000,1056.0000,1099.0000,1186.0000,1370.0000,164.649,174.361,168.315,159.834,77.028,56.182,1424,1365,1368,1398,1306,1498,97,89,84,78,26,32,1,1,1,1,0,1,4.9908,4.9908,4.9908,4.9908,2.9084,7.0640,1121.4122,1070.9803,1090.3175,1128.8086,1200.0220,1428.1730,1,on,1,1.5000
1786353612.147560,1,1,,1069.0000,1034.0000,1055.0000,1094.0000,1196.0000,1386.0000,165.861,174.326,168.580,160.759,73.608,53.953,1407,1350,1351,1380,1309,1498,83,90,80,70,22,39,1,1,1,1,0,1,4.9908,4.9908,4.9908,4.9908,2.9084,7.0640,1108.4301,1063.3539,1090.3175,1119.3032,1200.0220,1428.1730,1,on,1,1.5000
1786353612.183383,1,1,,1064.0000,1034.0000,1055.0000,1102.0000,1201.0000,1389.0000,166.816,174.155,168.512,159.173,71.957,53.482,1392,1331,1335,1362,1312,1488,107,78,87,41,31,30,1,1,1,1,0,1,4.9908,4.9908,4.9908,4.9908,2.9084,7.0640,1108.4301,1063.3539,1090.3175,1119.3032,1200.0220,1416.2650,1,on,1,1.5000
1786353612.220690,1,1,,1065.0000,1034.0000,1050.0000,1092.0000,1205.0000,1388.0000,166.651,173.923,169.583,161.167,70.595,53.578,1375,1315,1319,1347,1315,1481,82,80,87,87,36,43,1,1,1,1,0,1,4.9908,4.9908,4.9908,4.9908,2.9084,7.0640,1097.1902,1063.3539,1079.5058,1119.3032,1200.0220,1416.2650,1,on,1,1.5000
1786353612.252714,1,1,,1066.0000,1034.0000,1046.0000,1097.0000,1217.0000,1376.0000,166.337,175.869,170.484,160.132,66.452,55.262,1359,1301,1303,1332,1319,1476,111,88,90,65,39,23,1,1,1,1,0,1,4.9908,4.9908,4.9908,4.9908,2.9084,7.0640,1097.1902,1055.6630,1079.5058,1119.3032,1200.0220,1416.2650,1,on,1,1.5000
1786353612.288740,1,1,,1080.0000,1034.0000,1057.0000,1103.0000,1224.0000,1363.0000,163.565,173.111,168.201,158.925,63.844,57.204,1341,1283,1286,1316,1323,1473,82,89,86,76,32,28,1,1,1,1,0,1,4.9908,4.9908,4.9908,4.9908,2.9084,7.0640,1097.1902,1055.6630,1079.5058,1119.3032,1200.0220,1402.8540,1,on,1,1.5000
1786353612.316041,1,1,,1095.0000,1046.0000,1077.0000,1127.0000,1226.0000,1374.0000,160.575,170.332,164.200,154.089,63.265,55.618,1331,1270,1275,1304,1325,1471,105,95,79,72,37,21,1,1,1,1,0,1,4.9908,4.9908,4.9908,4.9908,2.9084,7.0640,1097.1902,1055.6630,1079.5058,1119.3032,1200.0220,1402.8540,0,on,1,1.5000
1786353612.347975,1,1,,1113.0000,1052.0000,1079.0000,1129.0000,1236.0000,1361.0000,156.950,169.165,163.701,153.693,59.819,57.460,1316,1254,1258,1288,1329,1469,109,78,87,81,33,20,1,1,1,1,0,1,4.9908,4.9908,4.9908,4.9908,2.9084,7.0640,1097.1902,1055.6630,1079.5058,1119.3032,1205.8544,1402.8540,1,on,1,1.5000
1786353612.388631,1,1,,1112.0000,1048.0000,1084.0000,1141.0000,1233.0000,1374.0000,157.184,169.989,162.873,151.386,60.973,55.590,1293,1232,1236,1267,1334,1469,103,91,96,80,28,18,1,1,1,1,0,1,4.9908,4.9908,4.9908,4.9908,2.9084,7.0640,1097.1902,1055.6630,1079.5058,1119.3032,1205.8544,1402.8540,0,on,1,1.5000
1786353612.420768,1,1,,1108.0000,1043.0000,1079.0000,1148.0000,1234.0000,1390.0000,158.042,171.017,163.768,149.878,60.342,53.416,1281,1222,1225,1254,1336,1469,105,93,88,74,32,20,1,1,1,1,0,1,4.9908,4.9908,4.9908,4.9908,2.9084,7.0640,1097.1902,1055.6630,1079.5058,1119.3032,1210.4997,1402.8540,1,on,1,1.5000
1786353612.452785,1,1,,1116.0000,1048.0000,1086.0000,1164.0000,1240.0000,1407.0000,156.318,170.057,162.419,146.670,58.538,50.995,1265,1202,1206,1236,1338,1469,97,80,84,70,37,21,1,1,1,1,0,1,4.9908,4.9908,4.9908,4.9908,2.9084,7.0640,1097.1902,1055.6630,1079.5058,1119.3032,1210.4997,1402.8540,0,on,1,1.5000
1786353612.488757,1,1,,1136.0000,1059.0000,1095.0000,1172.0000,1241.0000,1423.0000,152.315,167.763,160.498,145.245,58.095,48.708,1248,1187,1192,1221,1342,1469,104,97,98,79,35,24,1,1,1,1,0,1,4.9908,4.9908,4.9908,4.9908,2.9084,7.0640,1097.1902,1055.6630,1079.5058,1129.0414,1215.6257,1402.8540,1,on,1,1.5000
1786353612.520741,1,1,,1155.0000,1064.0000,1101.0000,1181.0000,1243.0000,1397.0000,148.498,166.794,159.277,143.291,57.563,52.407,1232,1169,1173,1204,1345,1469,114,109,100,85,45,23,1,1,1,1,0,1,4.9908,4.9908,4.9908,4.9908,2.9084,7.0640,1105.8382,1055.6630,1079.5058,1129.0414,1215.6257,1402.8540,1,on,1,1.5000
1786353612.547538,1,1,,1169.0000,1073.0000,1105.0000,1190.0000,1249.0000,1396.0000,145.744,165.059,158.500,141.496,55.274,52.428,1219,1155,1160,1193,1347,1468,97,92,95,97,47,24,1,1,1,1,0,1,4.9908,4.9908,4.9908,4.9908,2.9084,7.0640,1114.0426,1055.6630,1079.5058,1142.6837,1220.5064,1402.8540,1,on,1,1.5000
1786353612.588789,1,1,,1192.0000,1099.0000,1127.0000,1203.0000,1251.0000,1417.0000,141.059,159.726,154.172,138.885,54.699,49.504,1198,1132,1137,1169,1352,1466,118,107,118,80,39,0,1,1,1,1,0,1,4.9908,4.9908,4.9908,4.9908,2.9084,7.0640,1129.3382,1055.6630,1079.5058,1153.3014,1220.5064,1402.8540,1,on,1,1.5000
1786353612.615943,1,1,,1209.0000,1117.0000,1138.0000,1208.0000,1258.0000,1448.0000,137.808,156.134,151.981,137.971,52.350,45.157,1187,1122,1125,1155,1354,1466,121,127,108,0,42,0,1,1,1,1,0,1,4.9908,4.9908,4.9908,4.9908,2.9084,7.0640,1142.6415,1064.6236,1091.0210,1153.3014,1226.8084,1402.8540,1,on,1,1.5000
1786353612.647957,1,1,,1220.0000,1126.0000,1145.0000,1201.0000,1245.0000,1439.0000,135.521,154.466,150.550,139.401,56.684,46.477,1166,1102,1105,1154,1357,1466,106,120,110,0,40,0,1,1,1,0,0,1,4.9908,4.9908,4.9908,4.9908,2.9084,7.0640,1157.8054,1073.5250,1091.0210,1166.3695,1226.8084,1402.8540,1,on,1,1.5000
1786353612.683947,1,1,,1220.0000,1138.0000,1148.0000,1192.0000,1240.0000,1463.0000,135.438,152.019,150.015,141.203,58.415,42.993,1155,1084,1101,1154,1361,1466,0,0,0,0,43,0,0,1,1,0,0,1,4.9908,4.9908,4.9908,4.9908,2.9084,7.0640,1169.9275,1084.3470,1105.8508,1166.3695,1226.8084,1402.8540,1,on,1,1.5000
1786353612.715857,1,1,,1229.0000,1160.0000,1158.0000,1197.0000,1237.0000,1518.0000,133.763,147.512,147.982,140.161,59.622,35.284,1155,1084,1101,1154,1363,1466,17,0,26,0,47,0,0,1,0,0,0,1,4.9908,4.9908,4.9908,4.9908,2.9084,7.0640,1180.0246,1097.4500,1105.8508,1166.3695,1226.8084,1432.5333,1,on,1,1.5000
1786353612.747986,1,1,,1249.0000,1231.0000,1239.0000,1252.0000,1244.0000,1566.0000,129.816,133.400,131.717,129.129,57.221,28.382,1155,1084,1100,1154,1365,1466,19,0,31,0,11,0,0,0,0,0,0,1,4.9908,4.9908,4.9908,4.9908,2.9084,7.0640,1192.2846,1128.9476,1140.0711,1184.3646,1226.8084,1464.9567,1,on,1,1.5000
1786353612.788821,1,1,,1311.0000,1333.0000,1367.0000,1492.0000,1236.0000,1573.0000,117.228,112.920,106.141,80.982,59.920,27.383,1163,1086,1100,1154,1366,1466,67,67,0,56,0,0,0,0,0,0,1,1,4.9908,4.9908,4.9908,4.9908,2.9084,7.0640,1221.8060,1199.1750,1219.4691,1300.6920,1226.8084,1494.6897,1,on,1,1.5000
1786353612.820720,1,1,,1360.0000,1436.0000,1446.0000,1643.0000,1288.0000,1516.0000,107.449,92.193,90.291,50.862,41.840,35.577,1175,1094,1100,1167,1366,1466,54,73,62,39,18,19,0,0,0,0,1,0,4.9908,4.9908,4.9908,4.9908,2.9084,7.0640,1256.9582,1284.4847,1300.2710,1447.0162,1236.1023,1494.6897,1,on,1,1.5000
1786353612.852704,1,1,,1510.0000,1523.0000,1462.0000,1654.0000,1352.0000,1612.0000,77.338,74.866,87.132,48.520,19.945,21.868,1189,1121,1119,1181,1366,1466,87,68,63,54,59,24,0,0,0,0,1,0,4.9908,4.9908,4.9908,4.9908,2.9084,7.0640,1346.5741,1378.5647,1356.9195,1532.9043,1257.4514,1522.7156,1,on,1,1.5000
1786353612.888680,1,1,,1519.0000,1571.0000,1512.0000,1623.0000,1339.0000,1617.0000,75.579,65.289,76.924,54.834,24.485,21.232,1209,1144,1139,1204,1362,1466,74,68,77,40,79,78,0,0,0,0,1,0,4.9908,4.9908,4.9908,4.9908,2.9084,7.0640,1410.3171,1456.2640,1412.2800,1565.1994,1274.2995,1544.9198,1,on,1,1.5000
1786353612.915410,1,1,,1469.0000,1563.0000,1480.0000,1613.0000,1327.0000,1593.0000,85.550,66.797,83.435,56.862,28.408,24.606,1221,1161,1155,1217,1360,1480,67,68,66,52,76,111,0,0,0,0,1,0,4.9908,4.9908,4.9908,4.9908,2.9084,7.0640,1425.1450,1488.8305,1429.2958,1576.5676,1282.5507,1544.9198,1,on,1,1.5000
1786353612.947978,1,1,,1501.0000,1534.0000,1475.0000,1606.0000,1327.0000,1644.0000,79.266,72.572,84.438,58.091,28.369,17.385,1241,1179,1178,1234,1354,1513,76,67,68,57,85,98,0,0,0,0,1,0,4.9908,4.9908,4.9908,4.9908,2.9084,7.0640,1444.3245,1500.8522,1439.6823,1576.5676,1289.7052,1572.2058,1,on,1,1.5000
1786353612.988672,1,1,,1546.0000,1532.0000,1518.0000,1584.0000,1323.0000,1644.0000,70.293,73.095,75.896,62.608,30.065,17.399,1266,1204,1205,1261,1347,1531,61,62,60,55,65,48,0,0,0,0,1,0,4.9908,4.9908,4.9908,4.9908,2.9084,7.0640,1472.1623,1500.8522,1458.3307,1576.5676,1294.7326,1588.1746,1,on,1,1.5000
1786353613.020661,1,1,,1605.0000,1557.0000,1571.0000,1614.0000,1318.0000,1641.0000,58.475,68.058,65.256,56.598,31.556,17.871,1276,1217,1217,1271,1345,1537,69,64,53,49,60,105,0,0,0,0,1,0,4.9908,4.9908,4.9908,4.9908,2.9084,7.0640,1506.9464,1515.7345,1484.2252,1586.1256,1294.7326,1588.1746,1,on,1,1.5000
1786353613.047862,1,1,,1579.0000,1620.0000,1612.0000,1679.0000,1305.0000,1580.0000,63.511,55.399,56.936,43.617,36.129,26.464,1293,1232,1236,1288,1342,1558,69,66,65,50,64,69,0,0,0,0,1,0,4.9908,4.9908,4.9908,4.9908,2.9084,7.0640,1522.4675,1535.5908,1514.9935,1600.4879,1294.7326,1588.1746,1,on,1,1.5000
1786353613.088647,1,1,,1598.0000,1636.0000,1619.0000,1692.0000,1304.0000,1512.0000,59.734,52.153,55.582,41.014,36.597,36.050,1311,1250,1254,1305,1338,1571,62,58,55,53,51,43,0,0,0,0,1,0,4.9908,4.9908,4.9908,4.9908,2.9084,7.0640,1541.2038,1561.0865,1545.0650,1620.9203,1294.7326,1588.1746,1,on,1,1.5000
1786353613.120579,1,1,,1607.0000,1664.0000,1632.0000,1703.0000,1293.0000,1500.0000,58.024,46.487,52.951,38.769,40.159,37.834,1325,1267,1267,1320,1335,1574,76,62,74,58,50,52,0,0,0,0,1,0,4.9908,4.9908,4.9908,4.9908,2.9084,7.0640,1553.9293,1584.6061,1565.2669,1637.0265,1294.7326,1576.0813,1,on,1,1.5000
1786353613.147841,1,1,,1609.0000,1664.0000,1643.0000,1722.0000,1299.0000,1485.0000,57.585,46.527,50.773,35.040,38.238,39.889,1337,1280,1280,1332,1332,1581,60,50,63,59,46,22,0,0,0,0,1,1,4.9908,4.9908,4.9908,4.9908,2.9084,7.0640,1562.9274,1600.7366,1581.1175,1653.2346,1294.7326,1560.5960,1,on,1,1.5000
1786353613.188722,1,1,,1597.0000,1659.0000,1648.0000,1741.0000,1304.0000,1499.0000,60.089,47.507,49.684,31.204,36.574,37.955,1360,1299,1306,1352,1328,1581,50,70,57,66,40,13,0,0,0,0,1,1,4.9908,4.9908,4.9908,4.9908,2.9084,7.0640,1562.9274,1613.7594,1596.6483,1674.5399,1294.7326,1548.0381,1,on,1,1.5000
1786353613.220618,1,1,,1609.0000,1659.0000,1654.0000,1749.0000,1296.0000,1515.0000,57.583,47.650,48.513,29.526,39.070,35.588,1376,1316,1317,1362,1326,1581,66,68,55,36,37,47,0,0,0,0,1,1,4.9908,4.9908,4.9908,4.9908,2.9084,7.0640,1573.9701,1613.7594,1606.8204,1689.3063,1294.7326,1548.0381,1,on,1,1.5000
1786353613.247884,1,1,,1641.0000,1663.0000,1669.0000,1741.0000,1306.0000,1526.0000,51.173,46.777,45.602,31.059,35.667,34.085,1386,1327,1331,1381,1323,1579,71,64,57,51,44,63,0,0,0,0,1,1,4.9908,4.9908,4.9908,4.9908,2.9084,7.0640,1583.4637,1626.6749,1616.8480,1697.7415,1294.7326,1548.0381,1,on,1,1.5000
1786353613.288673,1,1,,1643.0000,1669.0000,1678.0000,1714.0000,1316.0000,1533.0000,50.786,45.489,43.852,36.515,32.321,33.074,1403,1344,1349,1398,1319,1564,66,61,58,52,41,0,0,0,0,0,1,1,4.9908,4.9908,4.9908,4.9908,2.9084,7.0640,1594.3216,1626.6749,1628.9123,1697.7415,1299.1018,1548.0381,1,on,1,1.5000
1786353613.320554,1,1,,1644.0000,1674.0000,1672.0000,1705.0000,1327.0000,1521.0000,50.644,44.492,45.046,38.449,28.598,34.810,1420,1360,1363,1412,1317,1561,54,51,59,53,46,41,0,0,0,0,1,1,4.9908,4.9908,4.9908,4.9908,2.9084,7.0640,1594.3216,1638.4506,1628.9123,1697.7415,1299.1018,1548.0381,1,on,1,1.5000
1786353613.347372,1,1,,1634.0000,1674.0000,1661.0000,1712.0000,1325.0000,1475.0000,52.546,44.600,47.201,36.992,29.318,41.365,1429,1371,1375,1425,1314,1557,60,69,56,48,44,23,0,0,0,0,1,1,4.9908,4.9908,4.9908,4.9908,2.9084,7.0640,1605.3003,1638.4506,1638.0200,1697.7415,1299.1018,1532.4737,1,on,1,1.5000
1786353613.388601,1,1,,1637.0000,1688.0000,1674.0000,1720.0000,1331.0000,1465.0000,52.028,41.796,44.539,35.431,27.150,42.769,1451,1392,1394,1444,1311,1552,64,69,65,51,47,0,0,0,0,0,1,1,4.9908,4.9908,4.9908,4.9908,2.9084,7.0640,1605.3003,1648.9222,1638.0200,1697.7415,1304.9979,1520.8839,1,on,1,1.5000
1786353613.415938,1,1,,1654.0000,1690.0000,1686.0000,1733.0000,1318.0000,1499.0000,48.557,41.327,42.171,32.750,31.481,37.903,1463,1402,1405,1457,1308,1552,56,68,58,47,33,19,0,0,0,0,1,1,4.9908,4.9908,4.9908,4.9908,2.9084,7.0640,1614.3808,1648.9222,1647.5062,1697.7415,1304.9979,1520.8839,1,on,1,1.5000
1786353613.447884,1,1,,1693.0000,1698.0000,1678.0000,1739.0000,1297.0000,1508.0000,40.687,39.697,43.741,31.637,38.907,36.577,1478,1420,1421,1472,1307,1544,74,64,67,46,0,35,0,0,0,0,1,1,4.9908,4.9908,4.9908,4.9908,2.9084,7.0640,1627.1109,1659.1211,1647.5062,1707.9323,1304.9979,1520.8839,1,on,1,1.5000
1786353613.488634,1,1,,1714.0000,1675.0000,1689.0000,1683.0000,1290.0000,1520.0000,36.535,44.270,41.465,42.842,41.205,34.994,1496,1436,1439,1490,1307,1537,65,65,60,40,24,0,0,0,0,0,1,1,4.9908,4.9908,4.9908,4.9908,2.9084,7.0640,1645.3861,1659.1211,1655.7428,1707.9323,1304.9979,1520.8839,1,on,1,1.5000
1786353613.516461,1,1,,1729.0000,1668.0000,1679.0000,1586.0000,1297.0000,1526.0000,33.596,45.681,43.556,62.293,38.940,34.086,1511,1453,1456,1509,1306,1534,75,64,62,39,23,40,0,0,0,0,1,1,4.9908,4.9908,4.9908,4.9908,2.9084,7.0640,1660.3926,1659.1211,1655.7428,1690.6287,1304.9979,1520.8839,1,on,1,1.5000
1786353613.547842,1,1,,1765.0000,1682.0000,1681.0000,1475.0000,1296.0000,1533.0000,26.288,42.864,43.152,84.486,39.166,33.065,1523,1461,1466,1515,1305,1529,65,62,62,51,17,16,0,0,0,0,1,1,4.9908,4.9908,4.9908,4.9908,2.9084,7.0640,1683.7299,1659.1211,1655.7428,1628.7056,1304.9979,1520.8839,1,on,1,1.5000
1786353613.588650,1,1,,1785.0000,1727.0000,1694.0000,1407.0000,1317.0000,1545.0000,22.246,33.994,40.597,98.054,31.946,31.440,1546,1484,1488,1540,1304,1526,76,69,58,54,0,16,0,0,0,0,1,1,4.9908,4.9908,4.9908,4.9908,2.9084,7.0640,1710.0918,1671.3414,1663.4469,1544.0432,1304.9979,1520.8839,1,on,1,1.5000
1786353613.615355,1,1,,1800.0000,1727.0000,1674.0000,1342.0000,1338.0000,1542.0000,19.233,33.879,44.547,111.121,24.877,31.805,1557,1497,1499,1552,1304,1525,81,61,65,59,0,0,0,0,0,1,1,1,4.9908,4.9908,4.9908,4.9908,2.9084,7.0640,1728.3380,1671.3414,1663.4469,1476.6774,1304.9979,1520.8839,1,on,1,1.5000
1786353613.647860,1,1,,1781.0000,1733.0000,1678.0000,1317.0000,1344.0000,1560.0000,23.114,32.798,43.671,116.082,22.808,29.283,1575,1513,1516,1555,1304,1525,74,61,60,38,0,0,0,0,0,1,1,1,4.9908,4.9908,4.9908,4.9908,2.9084,7.0640,1738.8553,1686.0348,1663.4469,1419.0147,1309.7016,1520.8839,1,on,1,1.5000
1786353613.688576,1,1,,1815.0000,1752.0000,1665.0000,1275.0000,1348.0000,1589.0000,16.377,28.917,46.293,124.549,21.337,25.160,1593,1530,1534,1549,1304,1525,71,70,69,53,25,0,0,0,0,1,0,1,4.9908,4.9908,4.9908,4.9908,2.9084,7.0640,1755.6023,1697.8426,1663.4469,1365.8483,1309.7016,1533.9326,1,on,1,1.5000
1786353613.720579,1,1,,1849.0000,1751.0000,1648.0000,1254.0000,1353.0000,1619.0000,9.493,29.196,49.782,128.637,19.429,21.000,1611,1547,1551,1535,1305,1525,70,65,63,73,43,0,0,0,0,1,0,0,4.9908,4.9908,4.9908,4.9908,2.9084,7.0640,1774.7633,1705.7174,1663.4469,1332.9855,1317.9271,1547.9459,1,on,1,1.5000
1786353613.747484,1,1,,1850.0000,1749.0000,1630.0000,1248.0000,1357.0000,1692.0000,7.360,29.471,53.446,129.874,18.280,10.563,1623,1558,1562,1522,1307,1525,71,76,60,73,10,18,0,0,0,1,0,0,4.9908,4.9908,4.9908,4.9908,2.9084,7.0640,1788.7430,1705.7174,1663.4469,1312.3932,1317.9271,1579.8862,1,on,1,1.5000
1786353613.788633,1,1,,1835.0000,1777.0000,1637.0000,1241.0000,1348.0000,1739.0000,12.303,23.991,51.941,131.339,21.358,3.876,1648,1582,1588,1497,1309,1525,76,74,55,66,19,67,0,0,0,1,0,0,4.9908,4.9908,4.9908,4.9908,2.9084,7.0640,1798.0546,1723.1230,1663.4469,1293.4550,1324.8299,1631.1192,1,on,1,1.5000
1786353613.815848,1,1,,1804.0000,1777.0000,1632.0000,1204.0000,1357.0000,1739.0000,18.610,23.886,52.979,138.657,18.196,4.002,1661,1595,1597,1484,1311,1534,80,68,68,62,23,120,0,0,0,1,0,0,4.9908,4.9908,4.9908,4.9908,2.9084,7.0640,1798.0546,1723.1230,1663.4469,1275.0290,1324.8299,1657.7430,1,on,1,1.5000
1786353613.847810,1,1,,1824.0000,1772.0000,1631.0000,1164.0000,1356.0000,1793.0000,14.490,24.968,53.222,146.823,18.553,-3.745,1681,1615,1616,1465,1313,1564,64,62,70,60,33,118,0,0,0,1,0,0,4.9908,4.9908,4.9908,4.9908,2.9084,7.0640,1798.0546,1736.4245,1663.4469,1247.5556,1330.3798,1696.8786,1,on,1,1.5000
1786353613.888606,1,1,,1828.0000,1703.0000,1531.0000,1136.0000,1351.0000,1751.0000,13.706,38.713,73.232,152.372,20.207,2.247,1699,1632,1636,1445,1317,1599,85,65,75,67,34,122,0,0,0,1,0,0,4.9908,4.9908,4.9908,4.9908,2.9084,7.0640,1798.0546,1736.4245,1630.1427,1216.1910,1330.3798,1710.8849,1,on,1,1.5000
1786353613.920553,1,1,,1815.0000,1633.0000,1406.0000,1115.0000,1338.0000,1712.0000,16.350,52.734,98.320,156.520,24.882,7.757,1716,1651,1653,1430,1320,1629,80,63,13,60,37,96,0,0,1,1,0,0,4.9908,4.9908,4.9908,4.9908,2.9084,7.0640,1798.0546,1722.7025,1562.4443,1191.8970,1330.3798,1710.8849,1,on,1,1.5000
1786353613.952607,1,1,,1801.0000,1604.0000,1335.0000,1110.0000,1320.0000,1610.0000,19.168,58.533,112.411,157.656,31.090,22.167,1741,1671,1653,1412,1324,1654,108,62,25,69,34,124,0,0,1,1,0,0,4.9908,4.9908,4.9908,4.9908,2.9084,7.0640,1798.0546,1699.3794,1480.4468,1173.2485,1330.3798,1710.8849,1,on,1,1.5000
1786353613.988637,1,1,,1811.0000,1618.0000,1382.0000,1108.0000,1316.0000,1627.0000,17.148,55.766,103.084,158.017,32.196,19.774,1759,1688,1641,1398,1326,1683,148,15,77,69,0,118,0,0,1,1,0,0,4.9908,4.9908,4.9908,4.9908,2.9084,7.0640,1798.0546,1682.0220,1448.2984,1159.1066,1330.3798,1693.6536,1,on,1,1.5000
1786353614.020616,1,1,,1796.0000,1541.0000,1212.0000,1100.0000,1324.0000,1519.0000,20.023,71.182,137.093,159.660,29.476,35.040,1781,1691,1621,1380,1327,1697,107,0,82,67,20,0,0,1,1,1,0,1,4.9908,4.9908,4.9908,4.9908,2.9084,7.0640,1798.0546,1646.6112,1362.1387,1148.3142,1330.3798,1650.4439,1,on,1,1.5000
1786353614.052630,1,1,,1813.0000,1519.0000,1126.0000,1099.0000,1337.0000,1419.0000,16.735,75.624,154.283,159.796,25.196,49.296,1787,1691,1605,1369,1328,1697,28,14,87,61,16,0,0,1,1,1,0,1,4.9908,4.9908,4.9908,4.9908,2.9084,7.0640,1798.0546,1612.1987,1268.8026,1140.1816,1330.3798,1572.1690,1,on,1,1.5000
1786353614.088589,1,1,,1808.0000,1497.0000,1141.0000,1196.0000,1339.0000,1503.0000,17.631,80.096,151.284,140.377,24.274,37.416,1791,1690,1585,1352,1329,1696,26,78,86,60,12,80,0,1,1,1,0,1,4.9908,4.9908,4.9908,4.9908,2.9084,7.0640,1798.0546,1579.5785,1221.8061,1140.1816,1330.3798,1552.0548,1,on,1,1.5000
1786353614.120603,1,1,,1798.0000,1506.0000,1128.0000,1221.0000,1330.0000,1577.0000,19.793,78.179,153.994,135.252,27.538,26.906,1792,1671,1562,1339,1329,1683,0,78,80,75,0,108,0,1,1,1,0,1,4.9908,4.9908,4.9908,4.9908,2.9084,7.0640,1798.0546,1562.4933,1193.9303,1149.8603,1330.3798,1552.0548,1,on,1,1.5000
1786353614.147849,1,1,,1842.0000,1466.0000,1091.0000,1146.0000,1328.0000,1529.0000,10.980,86.225,161.435,150.384,28.320,33.729,1793,1654,1550,1326,1329,1657,27,85,87,51,0,108,0,1,1,1,0,1,4.9908,4.9908,4.9908,4.9908,2.9084,7.0640,1806.8189,1541.4170,1167.3299,1149.8603,1330.3798,1552.0548,1,on,1,1.5000
1786353614.188618,1,1,,1816.0000,1474.0000,1075.0000,1106.0000,1329.0000,1515.0000,16.203,84.603,164.658,158.343,27.956,35.680,1795,1627,1525,1304,1329,1613,36,86,88,76,0,95,0,1,1,1,0,1,4.9908,4.9908,4.9908,4.9908,2.9084,7.0640,1806.8189,1525.0655,1140.4436,1149.8603,1330.3798,1552.0548,1,on,1,1.5000
1786353614.220635,1,1,,1807.0000,1466.0000,1075.0000,1101.0000,1340.0000,1550.0000,17.817,86.238,164.672,159.457,23.909,30.631,1799,1605,1505,1288,1329,1585,35,85,73,86,0,85,0,1,1,1,0,1,4.9908,4.9908,4.9908,4.9908,2.9084,7.0640,1806.8189,1514.1551,1126.3308,1149.8603,1330.3798,1552.0548,1,on,1,1.5000
1786353614.247360,1,1,,1819.0000,1416.0000,1097.0000,1148.0000,1332.0000,1581.0000,15.425,96.332,160.115,149.864,26.652,26.262,1800,1594,1495,1278,1329,1566,40,105,83,75,0,0,0,1,1,1,0,1,4.9908,4.9908,4.9908,4.9908,2.9084,7.0640,1806.8189,1495.1316,1126.3308,1149.8603,1330.3798,1552.0548,1,on,1,1.5000
1786353614.288627,1,1,,1809.0000,1399.0000,1099.0000,1219.0000,1338.0000,1562.0000,17.525,99.721,159.832,135.640,24.607,29.066,1802,1575,1479,1261,1329,1564,41,75,75,56,0,25,0,1,1,1,0,1,4.9908,4.9908,4.9908,4.9908,2.9084,7.0640,1806.8189,1470.6023,1118.4458,1149.8603,1330.3798,1552.0548,1,on,1,1.5000
1786353614.315863,1,1,,1783.0000,1343.0000,1147.0000,1309.0000,1341.0000,1592.0000,22.635,110.957,150.070,117.658,23.875,24.790,1803,1556,1460,1244,1329,1559,34,93,73,75,0,19,0,1,1,1,0,1,4.9908,4.9908,4.9908,4.9908,2.9084,7.0640,1806.8189,1441.1105,1118.4458,1182.3541,1330.3798,1552.0548,1,on,1,1.5000
1786353614.347837,1,1,,1782.0000,1280.0000,1183.0000,1356.0000,1342.0000,1689.0000,22.998,123.554,142.911,108.296,23.260,11.029,1804,1543,1449,1232,1329,1557,0,80,76,74,0,0,1,1,1,1,0,1,4.9908,4.9908,4.9908,4.9908,2.9084,7.0640,1806.8189,1393.0086,1118.4458,1232.6850,1330.3798,1579.0012,1,on,1,1.5000
1786353614.388667,1,1,,1755.0000,1202.0000,1208.0000,1466.0000,1341.0000,1671.0000,28.286,139.231,137.923,86.214,23.880,13.507,1804,1520,1428,1209,1329,1556,0,83,74,16,0,0,1,1,1,0,0,0,4.9908,4.9908,4.9908,4.9908,2.9084,7.0640,1806.8189,1322.9935,1137.6184,1323.2956,1330.3798,1600.6397,1,on,1,1.5000
1786353614.420596,1,1,,1786.0000,1203.0000,1239.0000,1569.0000,1353.0000,1734.0000,22.045,138.981,131.728,65.690,19.422,4.654,1804,1502,1413,1208,1329,1556,0,83,86,54,0,36,1,1,1,0,0,0,4.9908,4.9908,4.9908,4.9908,2.9084,7.0640,1798.9402,1287.3033,1156.5077,1417.6669,1330.3798,1633.3065,1,on,1,1.5000
1786353614.452606,1,1,,1696.0000,1208.0000,1235.0000,1655.0000,1341.0000,1667.0000,40.097,137.886,132.512,48.387,23.755,14.096,1804,1491,1402,1218,1329,1556,0,86,76,60,0,95,1,1,1,0,0,0,4.9908,4.9908,4.9908,4.9908,2.9084,7.0640,1782.3524,1266.7103,1171.7831,1514.0109,1330.3798,1633.3065,1,on,1,1.5000
1786353614.488564,1,1,,1374.0000,1248.0000,1427.0000,1714.0000,1330.0000,1829.0000,104.631,129.972,94.091,36.460,27.456,-8.842,1804,1474,1385,1242,1329,1582,0,88,91,61,0,98,1,1,1,0,0,0,4.9908,4.9908,4.9908,4.9908,2.9084,7.0640,1610.3531,1266.7103,1260.0357,1596.8317,1330.3798,1696.0853,1,on,1,1.5000
1786353614.515842,1,1,,1327.0000,1276.0000,1545.0000,1736.0000,1328.0000,1850.0000,114.031,124.290,70.489,32.227,28.116,-18.330,1804,1457,1369,1264,1329,1610,0,85,82,55,0,58,1,1,1,0,0,0,4.9908,4.9908,4.9908,4.9908,2.9084,7.0640,1494.3628,1266.7103,1367.5052,1643.1854,1330.3798,1739.3687,1,on,1,1.5000
1786353614.547978,1,1,,1357.0000,1439.0000,1667.0000,1697.0000,1299.0000,1822.0000,108.142,91.587,45.983,39.941,38.117,-7.868,1804,1447,1358,1279,1329,1626,125,81,85,49,0,111,1,1,0,0,0,0,4.9908,4.9908,4.9908,4.9908,2.9084,7.0640,1440.3002,1293.2240,1502.3989,1658.7126,1330.3798,1761.9257,1,on,1,1.5000
1786353614.588617,1,1,,1376.0000,1479.0000,1747.0000,1680.0000,1296.0000,1841.0000,104.367,83.546,29.936,43.317,39.341,-10.556,1783,1424,1343,1305,1329,1660,153,84,30,60,0,125,1,1,0,0,0,0,4.9908,4.9908,4.9908,4.9908,2.9084,7.0640,1418.4551,1348.7111,1618.7638,1658.7126,1330.3798,1783.1497,1,on,1,1.5000
1786353614.620603,1,1,,1343.0000,1516.0000,1782.0000,1647.0000,1285.0000,1804.0000,110.845,76.194,22.968,49.977,43.060,-5.290,1754,1407,1350,1323,1329,1688,155,78,89,38,0,119,1,1,0,0,0,0,4.9908,4.9908,4.9908,4.9908,2.9084,7.0640,1399.5364,1398.5639,1681.7904,1658.7126,1324.3907,1783.1497,1,on,1,1.5000
1786353614.647853,1,1,,1342.0000,1470.0000,1799.0000,1650.0000,1287.0000,1814.0000,111.073,85.511,19.429,49.357,42.392,-6.658,1734,1398,1366,1333,1329,1704,115,85,72,66,0,126,1,1,0,0,1,0,4.9908,4.9908,4.9908,4.9908,2.9084,7.0640,1388.1711,1415.4418,1719.3296,1658.7126,1324.3907,1783.1497,1,on,1,1.5000
1786353614.683398,1,1,,1360.0000,1490.0000,1790.0000,1680.0000,1306.0000,1777.0000,107.399,81.394,21.316,43.315,35.854,-1.371,1710,1390,1388,1349,1329,1737,108,0,77,63,0,111,1,0,0,0,1,0,4.9908,4.9908,4.9908,4.9908,2.9084,7.0640,1388.1711,1433.8952,1740.7398,1658.7126,1319.4273,1783.1497,1,on,1,1.5000
1786353614.718295,1,1,,1365.0000,1562.0000,1776.0000,1670.0000,1306.0000,1700.0000,106.389,66.906,24.120,45.335,35.718,9.477,1686,1390,1413,1369,1329,1763,80,43,66,37,0,100,1,0,0,0,1,0,4.9908,4.9908,4.9908,4.9908,2.9084,7.0640,1388.1711,1468.1639,1748.5432,1658.7126,1319.4273,1783.1497,1,on,1,1.5000
1786353614.747863,1,1,,1355.0000,1521.0000,1773.0000,1668.0000,1309.0000,1682.0000,108.509,75.127,24.772,45.711,34.713,12.029,1669,1399,1425,1377,1329,1771,85,87,51,41,38,23,1,0,0,0,1,0,4.9908,4.9908,4.9908,4.9908,2.9084,7.0640,1378.3119,1478.8068,1748.5432,1658.7126,1319.4273,1764.9142,1,on,1,1.5000
1786353614.783883,1,1,,1431.0000,1598.0000,1738.0000,1681.0000,1315.0000,1618.0000,93.158,59.847,31.790,43.142,32.530,21.021,1649,1418,1446,1395,1328,1772,85,84,61,54,42,20,1,0,0,0,1,1,4.9908,4.9908,4.9908,4.9908,2.9084,7.0640,1378.3119,1509.3527,1748.5432,1658.7126,1319.4273,1727.2947,1,on,1,1.5000
1786353614.815872,1,1,,1425.0000,1624.0000,1746.0000,1677.0000,1301.0000,1620.0000,94.448,54.639,30.085,44.034,37.399,20.841,1629,1439,1465,1410,1324,1773,89,79,58,52,32,19,1,0,0,0,1,1,4.9908,4.9908,4.9908,4.9908,2.9084,7.0640,1378.3119,1538.0983,1748.5432,1658.7126,1319.4273,1701.0288,1,on,1,1.5000
1786353614.847862,1,1,,1503.0000,1645.0000,1736.0000,1691.0000,1324.0000,1593.0000,78.806,50.433,32.149,41.251,29.616,24.665,1613,1457,1483,1427,1323,1773,83,94,66,56,0,52,1,0,0,0,1,1,4.9908,4.9908,4.9908,4.9908,2.9084,7.0640,1404.4539,1565.2018,1748.5432,1666.2813,1319.4273,1673.8950,1,on,1,1.5000
1786353614.883410,1,1,,1560.0000,1655.0000,1710.0000,1673.0000,1320.0000,1556.0000,67.501,48.456,37.411,44.677,31.035,29.862,1594,1476,1498,1442,1322,1758,84,83,62,48,34,101,1,0,0,0,1,1,4.9908,4.9908,4.9908,4.9908,2.9084,7.0640,1445.9088,1587.8726,1748.5432,1666.2813,1319.4273,1641.6238,1,on,1,1.5000
1786353614.920711,1,1,,1525.0000,1640.0000,1720.0000,1683.0000,1320.0000,1568.0000,74.342,51.427,35.403,42.694,30.881,28.136,1576,1496,1516,1459,1321,1725,73,66,55,51,22,100,1,0,0,0,1,1,4.9908,4.9908,4.9908,4.9908,2.9084,7.0640,1465.2037,1598.8840,1748.5432,1666.2813,1319.4273,1623.7037,1,on,1,1.5000
1786353614.947857,1,1,,1485.0000,1636.0000,1725.0000,1663.0000,1314.0000,1534.0000,82.377,52.208,34.405,46.750,32.955,33.030,1565,1507,1527,1471,1320,1701,70,73,54,36,19,103,1,0,0,0,1,1,4.9908,4.9908,4.9908,4.9908,2.9084,7.0640,1465.2037,1598.8840,1748.5432,1666.2813,1319.4273,1605.3680,1,on,1,1.5000
1786353614.983408,1,1,,1401.0000,1600.0000,1730.0000,1690.0000,1297.0000,1614.0000,99.312,59.398,33.364,41.419,38.904,21.580,1542,1530,1550,1492,1320,1657,88,67,55,65,0,74,1,0,0,0,1,1,4.9908,4.9908,4.9908,4.9908,2.9084,7.0640,1465.2037,1598.8840,1748.5432,1666.2813,1319.4273,1605.3680,0,on,1,1.5000
1786353615.015875,1,1,,1390.0000,1529.0000,1770.0000,1677.0000,1312.0000,1598.0000,101.560,73.683,25.244,43.954,33.845,23.970,1530,1543,1561,1504,1320,1638,83,66,59,45,0,87,1,0,0,0,1,1,4.9908,4.9908,4.9908,4.9908,2.9084,7.0640,1465.2037,1598.8840,1748.5432,1666.2813,1319.4273,1605.3680,0,on,1,1.5000
1786353615.047886,1,1,,1368.0000,1467.0000,1773.0000,1680.0000,1311.0000,1572.0000,105.919,85.949,24.695,43.319,33.974,27.529,1513,1559,1578,1521,1320,1618,82,69,69,53,0,0,1,0,0,0,1,1,4.9908,4.9908,4.9908,4.9908,2.9084,7.0640,1444.1195,1575.0061,1748.5432,1666.2813,1319.4273,1605.3680,1,on,1,1.5000
1786353615.088708,1,1,,1345.0000,1472.0000,1769.0000,1675.0000,1312.0000,1582.0000,110.395,85.037,25.532,44.382,33.611,26.177,1491,1576,1603,1545,1320,1615,80,0,60,41,0,24,1,1,0,0,1,1,4.9908,4.9908,4.9908,4.9908,2.9084,7.0640,1422.0837,1550.5246,1748.5432,1666.2813,1319.4273,1605.3680,1,on,1,1.5000
1786353615.115940,1,1,,1394.0000,1449.0000,1764.0000,1678.0000,1314.0000,1550.0000,100.602,89.659,26.499,43.674,33.038,30.699,1480,1576,1615,1556,1320,1612,83,0,70,48,0,20,1,1,0,0,1,1,4.9908,4.9908,4.9908,4.9908,2.9084,7.0640,1422.0837,1529.7965,1748.5432,1666.2813,1319.4273,1605.3680,1,on,1,1.5000
1786353615.147883,1,1,,1371.0000,1416.0000,1770.0000,1694.0000,1320.0000,1554.0000,105.203,96.314,25.410,40.583,31.096,30.065,1469,1576,1627,1567,1320,1611,84,55,47,49,0,0,1,1,0,0,1,1,4.9908,4.9908,4.9908,4.9908,2.9084,7.0640,1411.4850,1501.5235,1748.5432,1666.2813,1319.4273,1590.6044,1,on,1,1.5000
1786353615.188642,1,1,,1362.0000,1432.0000,1774.0000,1677.0000,1326.0000,1530.0000,107.053,93.020,24.616,44.038,28.784,33.595,1446,1559,1654,1592,1320,1609,76,88,64,55,0,0,1,1,0,0,1,1,4.9908,4.9908,4.9908,4.9908,2.9084,7.0640,1403.5042,1484.4557,1748.5432,1666.2813,1319.4273,1590.6044,1,on,1,1.5000
1786353615.220678,1,1,,1343.0000,1392.0000,1767.0000,1693.0000,1326.0000,1523.0000,110.927,101.115,25.874,40.678,28.924,34.458,1430,1540,1675,1609,1320,1610,81,111,61,52,0,0,1,1,0,0,1,1,4.9908,4.9908,4.9908,4.9908,2.9084,7.0640,1394.5810,1464.4737,1748.5432,1666.2813,1319.4273,1572.7101,1,on,1,1.5000
1786353615.247881,1,1,,1348.0000,1373.0000,1768.0000,1696.0000,1325.0000,1523.0000,109.838,104.820,25.655,40.100,29.250,34.552,1420,1526,1685,1624,1320,1609,90,94,65,36,0,0,1,1,0,0,1,1,4.9908,4.9908,4.9908,4.9908,2.9084,7.0640,1394.5810,1445.6434,1748.5432,1674.0774,1319.4273,1572.7101,1,on,1,1.5000
1786353615.288688,1,1,,1374.0000,1414.0000,1767.0000,1679.0000,1320.0000,1523.0000,104.634,96.704,25.906,43.586,31.093,34.569,1412,1498,1704,1642,1320,1604,28,100,71,49,0,45,1,1,0,0,1,1,4.9908,4.9908,4.9908,4.9908,2.9084,7.0640,1386.7112,1445.6434,1748.5432,1674.0774,1319.4273,1559.3663,1,on,1,1.5000
1786353615.315397,1,1,,1359.0000,1378.0000,1768.0000,1687.0000,1316.0000,1544.0000,107.586,103.896,25.812,41.986,32.186,31.593,1411,1485,1724,1660,1320,1593,29,106,80,40,0,25,1,1,0,0,1,1,4.9908,4.9908,4.9908,4.9908,2.9084,7.0640,1386.7112,1430.0617,1748.5432,1674.0774,1319.4273,1559.3663,1,on,1,1.5000
1786353615.347990,1,1,,1383.0000,1406.0000,1783.0000,1681.0000,1317.0000,1534.0000,102.870,98.274,22.705,43.256,31.859,32.988,1407,1473,1736,1666,1320,1585,47,64,24,0,0,24,1,1,0,0,1,1,4.9908,4.9908,4.9908,4.9908,2.9084,7.0640,1386.7112,1430.0617,1756.8042,1674.0774,1319.4273,1559.3663,1,on,1,1.5000
1786353615.388661,1,1,,1325.0000,1315.0000,1788.0000,1678.0000,1317.0000,1571.0000,114.412,116.506,21.703,43.736,31.946,27.693,1397,1449,1742,1667,1320,1573,0,97,50,19,22,36,1,1,0,0,1,1,4.9908,4.9908,4.9908,4.9908,2.9084,7.0640,1376.8305,1402.2170,1756.8042,1674.0774,1319.4273,1559.3663,1,on,1,1.5000
1786353615.420640,1,1,,1309.0000,1269.0000,1796.0000,1665.0000,1301.0000,1609.0000,117.756,125.781,20.202,46.396,37.473,22.406,1396,1438,1752,1670,1320,1567,85,0,18,0,24,20,1,1,0,0,1,1,4.9908,4.9908,4.9908,4.9908,2.9084,7.0640,1367.3799,1370.4054,1756.8042,1674.0774,1319.4273,1559.3663,1,on,1,1.5000
1786353615.452588,1,1,,1303.0000,1240.0000,1787.0000,1668.0000,1305.0000,1629.0000,118.983,131.618,21.833,45.825,36.017,19.445,1390,1436,1754,1670,1319,1565,59,87,12,0,21,15,1,1,0,0,1,1,4.9908,4.9908,4.9908,4.9908,2.9084,7.0640,1357.3637,1335.8335,1765.0892,1674.0774,1319.4273,1559.3663,1,on,1,1.5000
1786353615.488620,1,1,,1293.0000,1240.0000,1791.0000,1677.0000,1315.0000,1593.0000,120.949,131.527,21.033,43.921,32.794,24.614,1382,1422,1754,1670,1319,1563,74,104,20,0,19,0,1,1,0,0,1,1,4.9908,4.9908,4.9908,4.9908,2.9084,7.0640,1346.1703,1310.3639,1765.0892,1674.0774,1319.4273,1571.0538,1,on,1,1.5000
1786353615.520598,1,1,,1305.0000,1253.0000,1788.0000,1681.0000,1317.0000,1582.0000,118.492,129.005,21.647,43.098,31.888,26.168,1372,1401,1758,1670,1319,1563,44,101,30,0,20,0,1,1,0,0,1,0,4.9908,4.9908,4.9908,4.9908,2.9084,7.0640,1346.1703,1298.4231,1765.0892,1674.0774,1319.4273,1571.0538,1,on,1,1.5000
1786353615.547861,1,1,,1308.0000,1245.0000,1784.0000,1677.0000,1313.0000,1576.0000,117.799,130.532,22.466,43.966,33.306,27.003,1367,1389,1763,1671,1319,1563,62,82,16,10,20,19,1,1,0,0,1,0,4.9908,4.9908,4.9908,4.9908,2.9084,7.0640,1336.6360,1289.3449,1765.0892,1674.0774,1319.4273,1571.0538,1,on,1,1.5000
1786353615.583879,1,1,,1292.0000,1230.0000,1779.0000,1693.0000,1318.0000,1564.0000,121.092,133.598,23.614,40.665,31.530,28.728,1357,1369,1765,1675,1319,1563,31,97,0,0,0,27,1,1,0,1,1,0,4.9908,4.9908,4.9908,4.9908,2.9084,7.0640,1336.6360,1278.0171,1765.0892,1674.0774,1319.4273,1571.0538,1,on,1,1.5000
1786353615.615890,1,1,,1282.0000,1221.0000,1779.0000,1699.0000,1317.0000,1539.0000,123.196,135.424,23.482,39.599,31.983,32.221,1355,1350,1765,1675,1319,1565,29,100,0,0,0,18,1,1,0,1,1,0,4.9908,4.9908,4.9908,4.9908,2.9084,7.0640,1324.0598,1268.4931,1765.0892,1674.0774,1319.4273,1571.0538,1,on,1,1.5000
1786353615.647920,1,1,,1280.0000,1208.0000,1777.0000,1717.0000,1324.0000,1566.0000,123.411,137.996,23.828,35.966,29.643,28.469,1354,1329,1766,1675,1319,1566,34,73,0,0,0,20,1,1,0,1,1,0,4.9908,4.9908,4.9908,4.9908,2.9084,7.0640,1324.0598,1258.3937,1765.0892,1674.0774,1319.4273,1571.0538,1,on,1,1.5000
1786353615.683867,1,1,,1278.0000,1201.0000,1782.0000,1718.0000,1324.0000,1539.0000,123.827,139.263,23.017,35.740,29.501,32.298,1350,1314,1766,1675,1319,1567,89,92,0,0,0,19,1,1,0,1,1,0,4.9908,4.9908,4.9908,4.9908,2.9084,7.0640,1312.9213,1248.4680,1765.0892,1684.3515,1319.4273,1571.0538,1,on,1,1.5000
1786353615.715847,1,1,,1262.0000,1187.0000,1786.0000,1741.0000,1327.0000,1528.0000,127.034,142.110,22.158,31.169,28.603,33.800,1340,1297,1766,1675,1319,1568,51,86,0,0,0,18,1,1,0,0,1,0,4.9908,4.9908,4.9908,4.9908,2.9084,7.0640,1312.9213,1238.4954,1765.0892,1684.3515,1319.4273,1571.0538,1,on,1,1.5000
1786353615.747856,1,1,,1263.0000,1181.0000,1783.0000,1737.0000,1324.0000,1535.0000,126.929,143.424,22.718,32.022,29.558,32.769,1334,1285,1765,1675,1319,1569,64,99,0,24,0,19,1,1,0,0,1,0,4.9908,4.9908,4.9908,4.9908,2.9084,7.0640,1300.6023,1229.2171,1772.6600,1697.1837,1319.4273,1571.0538,1,on,1,1.5000
1786353615.788642,1,1,,1271.0000,1197.0000,1792.0000,1733.0000,1326.0000,1547.0000,125.357,140.240,21.004,32.824,28.994,31.081,1324,1262,1766,1685,1319,1570,0,88,0,12,0,18,1,1,0,0,1,0,4.9908,4.9908,4.9908,4.9908,2.9084,7.0640,1300.6023,1229.2171,1772.6600,1697.1837,1319.4273,1571.0538,0,on,1,1.5000
1786353615.815862,1,1,,1273.0000,1183.0000,1796.0000,1733.0000,1324.0000,1568.0000,124.838,142.924,20.118,32.718,29.706,28.150,1324,1252,1767,1686,1319,1570,53,87,20,16,0,19,1,1,0,0,1,0,4.9908,4.9908,4.9908,4.9908,2.9084,7.0640,1300.6023,1219.6706,1772.6600,1704.9460,1319.4273,1571.0538,1,on,1,1.5000
1786353615.847883,1,1,,1267.0000,1179.0000,1800.0000,1736.0000,1329.0000,1620.0000,126.103,143.744,19.280,32.128,27.942,20.732,1319,1241,1770,1691,1319,1570,39,0,15,18,0,21,1,1,0,0,1,0,4.9908,4.9908,4.9908,4.9908,2.9084,7.0640,1292.1808,1219.6706,1772.6600,1704.9460,1319.4273,1571.0538,1,on,1,1.5000
1786353615.883868,1,1,,1268.0000,1180.0000,1795.0000,1736.0000,1323.0000,1653.0000,126.003,143.487,20.347,32.129,29.960,16.125,1317,1240,1771,1692,1319,1570,70,28,15,0,0,22,1,1,0,0,1,0,4.9908,4.9908,4.9908,4.9908,2.9084,7.0640,1292.1808,1210.2458,1772.6600,1704.9460,1319.4273,1571.0538,1,on,1,1.5000
1786353615.915854,1,1,,1263.0000,1186.0000,1796.0000,1719.0000,1323.0000,1668.0000,126.995,142.411,20.199,35.613,29.818,13.933,1308,1237,1773,1692,1319,1571,42,27,14,0,0,22,1,1,0,0,1,0,4.9908,4.9908,4.9908,4.9908,2.9084,7.0640,1292.1808,1210.2458,1772.6600,1704.9460,1319.4273,1594.7756,1,on,1,1.5000
1786353615.947863,1,1,,1261.0000,1189.0000,1781.0000,1706.0000,1332.0000,1690.0000,127.271,141.787,23.031,38.228,26.710,10.933,1306,1233,1773,1692,1319,1571,0,46,16,0,0,21,1,1,0,0,1,0,4.9908,4.9908,4.9908,4.9908,2.9084,7.0640,1292.1808,1210.2458,1772.6600,1704.9460,1319.4273,1614.4033,1,on,1,1.5000
1786353615.988696,1,1,,1255.0000,1188.0000,1771.0000,1698.0000,1335.0000,1665.0000,128.427,141.939,25.190,39.823,25.755,14.391,1301,1226,1774,1692,1319,1580,37,32,0,0,0,53,1,1,1,0,1,0,4.9908,4.9908,4.9908,4.9908,2.9084,7.0640,1282.2777,1210.2458,1772.6600,1704.9460,1319.4273,1614.4033,1,on,1,1.5000
1786353616.015872,1,1,,1249.0000,1191.0000,1771.0000,1707.0000,1342.0000,1647.0000,129.792,141.259,25.140,38.045,23.376,17.006,1300,1225,1774,1692,1319,1591,27,42,0,0,0,53,1,1,1,0,1,0,4.9908,4.9908,4.9908,4.9908,2.9084,7.0640,1282.2777,1210.2458,1772.6600,1704.9460,1319.4273,1627.1420,1,on,1,1.5000
1786353616.047858,1,1,,1268.0000,1213.0000,1765.0000,1704.0000,1336.0000,1658.0000,125.941,137.027,26.369,38.560,25.299,15.447,1300,1221,1774,1692,1319,1599,30,40,0,0,0,14,1,1,1,0,1,0,4.9908,4.9908,4.9908,4.9908,2.9084,7.0640,1282.2777,1210.2458,1772.6600,1704.9460,1319.4273,1627.1420,0,on,1,1.5000
1786353616.088738,1,1,,1263.0000,1218.0000,1751.0000,1707.0000,1333.0000,1648.0000,126.842,136.021,29.067,37.891,26.443,16.865,1298,1219,1774,1692,1319,1613,33,30,0,0,0,55,1,1,1,0,1,0,4.9908,4.9908,4.9908,4.9908,2.9084,7.0640,1282.2777,1210.2458,1772.6600,1704.9460,1319.4273,1627.1420,0,on,1,1.5000
1786353616.116484,1,1,,1327.0000,1299.0000,1762.0000,1721.0000,1343.0000,1506.0000,114.185,119.666,26.912,35.218,22.905,36.886,1298,1217,1774,1692,1319,1617,36,28,0,0,0,41,1,1,1,0,1,0,4.9908,4.9908,4.9908,4.9908,2.9084,7.0640,1282.2777,1210.2458,1772.6600,1704.9460,1319.4273,1627.1420,0,on,1,1.5000
1786353616.147877,1,1,,1502.0000,1593.0000,1687.0000,1700.0000,1317.0000,1354.0000,78.928,60.850,42.007,39.303,31.835,58.465,1297,1216,1774,1692,1319,1622,39,26,0,0,0,23,1,1,1,0,1,0,4.9908,4.9908,4.9908,4.9908,2.9084,7.0640,1336.1601,1358.9839,1763.7289,1704.9460,1319.4273,1535.7774,1,on,1,1.5000
1786353616.188652,1,1,,1551.0000,1640.0000,1577.0000,1663.0000,1299.0000,1254.0000,69.230,51.397,64.019,46.798,38.072,72.642,1297,1213,1774,1692,1319,1628,0,0,0,0,0,0,0,0,1,0,1,1,4.9908,4.9908,4.9908,4.9908,2.9084,7.0640,1413.8817,1487.7655,1709.7917,1704.9460,1319.4273,1415.5016,1,on,1,1.5000
1786353616.215831,1,1,,1499.0000,1680.0000,1548.0000,1679.0000,1317.0000,1208.0000,79.616,43.340,69.896,43.509,31.956,79.053,1297,1213,1774,1692,1319,1628,62,78,23,0,0,75,0,0,1,0,1,1,4.9908,4.9908,4.9908,4.9908,2.9084,7.0640,1435.3112,1558.6083,1666.0433,1704.9460,1319.4273,1340.7609,1,on,1,1.5000
1786353616.247854,1,1,,1526.0000,1653.0000,1584.0000,1705.0000,1305.0000,1225.0000,74.229,48.691,62.580,38.409,35.976,76.729,1302,1221,1773,1692,1319,1604,107,88,116,0,0,100,0,0,1,0,1,1,4.9908,4.9908,4.9908,4.9908,2.9084,7.0640,1458.8823,1590.8061,1644.2654,1704.9460,1319.4273,1300.4546,1,on,1,1.5000
1786353616.288793,1,1,,1517.0000,1632.0000,1579.0000,1700.0000,1288.0000,1233.0000,76.051,53.010,63.662,39.352,42.061,75.560,1331,1254,1744,1692,1319,1557,96,89,141,0,0,106,0,0,1,0,1,1,4.9908,4.9908,4.9908,4.9908,2.9084,7.0640,1472.9849,1602.5413,1627.7709,1704.9460,1319.4273,1279.5017,1,on,1,1.5000
1786353616.315861,1,1,,1556.0000,1625.0000,1580.0000,1684.0000,1276.0000,1273.0000,68.143,54.411,63.407,42.480,45.914,69.943,1350,1270,1726,1692,1319,1535,64,74,107,0,0,98,0,0,1,0,1,1,4.9908,4.9908,4.9908,4.9908,2.9084,7.0640,1488.7870,1602.5413,1619.8995,1704.9460,1319.4273,1279.5017,1,on,1,1.5000
1786353616.347911,1,1,,1565.0000,1634.0000,1591.0000,1677.0000,1277.0000,1278.0000,66.504,52.488,61.145,43.903,45.834,69.238,1364,1285,1709,1692,1319,1515,88,60,94,0,0,93,0,0,1,0,1,1,4.9908,4.9908,4.9908,4.9908,2.9084,7.0640,1504.7762,1610.1066,1619.8995,1704.9460,1311.0994,1279.5017,1,on,1,1.5000
1786353616.388676,1,1,,1560.0000,1652.0000,1611.0000,1715.0000,1287.0000,1286.0000,67.425,49.045,57.116,36.436,42.206,68.045,1392,1311,1673,1699,1319,1475,68,67,84,0,0,88,0,0,1,0,1,1,4.9908,4.9908,4.9908,4.9908,2.9084,7.0640,1516.2090,1610.1066,1619.8995,1704.9460,1311.0994,1279.5017,1,on,1,1.5000
1786353616.420587,1,1,,1568.0000,1658.0000,1603.0000,1707.0000,1289.0000,1296.0000,65.865,47.813,58.713,38.029,41.604,66.633,1410,1329,1650,1699,1319,1449,65,74,77,0,47,86,0,0,1,0,1,1,4.9908,4.9908,4.9908,4.9908,2.9084,7.0640,1524.4887,1621.5472,1619.8995,1704.9460,1311.0994,1279.5017,1,on,1,1.5000
1786353616.452571,1,1,,1564.0000,1649.0000,1596.0000,1705.0000,1295.0000,1280.0000,66.652,49.523,60.228,38.446,39.654,68.857,1422,1341,1638,1699,1318,1431,72,52,0,10,30,95,0,0,1,0,1,1,4.9908,4.9908,4.9908,4.9908,2.9084,7.0640,1524.4887,1621.5472,1619.8995,1704.9460,1306.2593,1279.5017,1,on,1,1.5000
1786353616.488593,1,1,,1563.0000,1645.0000,1596.0000,1706.0000,1288.0000,1278.0000,66.752,50.288,60.136,38.218,42.089,69.235,1443,1363,1628,1703,1315,1408,64,61,26,16,38,95,0,0,1,0,1,1,4.9908,4.9908,4.9908,4.9908,2.9084,7.0640,1534.4492,1621.5472,1611.8749,1704.9460,1306.2593,1279.5017,1,on,1,1.5000
1786353616.515845,1,1,,1570.0000,1631.0000,1594.0000,1711.0000,1289.0000,1261.0000,65.401,53.276,60.627,37.111,41.715,71.602,1453,1374,1626,1704,1313,1377,66,67,26,8,47,85,0,0,1,0,1,1,4.9908,4.9908,4.9908,4.9908,2.9084,7.0640,1534.4492,1621.5472,1611.8749,1704.9460,1306.2593,1279.5017,0,on,1,1.5000
1786353616.547875,1,1,,1569.0000,1641.0000,1591.0000,1686.0000,1285.0000,1272.0000,65.691,51.141,61.109,42.174,42.884,70.101,1465,1385,1622,1704,1311,1360,61,65,55,0,31,86,0,0,1,1,1,1,4.9908,4.9908,4.9908,4.9908,2.9084,7.0640,1534.4492,1621.5472,1611.8749,1704.9460,1306.2593,1279.5017,0,on,1,1.5000
1786353616.584523,1,1,,1566.0000,1631.0000,1594.0000,1694.0000,1292.0000,1267.0000,66.165,53.147,60.692,40.599,40.611,70.723,1486,1406,1613,1705,1310,1329,71,65,0,0,0,101,0,0,1,1,1,1,4.9908,4.9908,4.9908,4.9908,2.9084,7.0640,1544.1232,1621.5472,1611.8749,1704.9460,1306.2593,1279.5017,1,on,1,1.5000
1786353616.615418,1,1,,1556.0000,1629.0000,1593.0000,1697.0000,1289.0000,1271.0000,68.151,53.483,60.888,40.055,41.459,70.171,1497,1418,1613,1705,1309,1311,68,57,0,0,28,94,0,0,1,1,1,1,4.9908,4.9908,4.9908,4.9908,2.9084,7.0640,1544.1232,1621.5472,1611.8749,1704.9460,1301.6363,1279.5017,1,on,1,1.5000
1786353616.647869,1,1,,1563.0000,1650.0000,1592.0000,1699.0000,1301.0000,1263.0000,66.717,49.450,60.946,39.530,37.322,71.331,1514,1434,1613,1705,1307,1292,61,62,0,0,21,0,0,0,1,1,1,1,4.9908,4.9908,4.9908,4.9908,2.9084,7.0640,1544.1232,1621.5472,1611.8749,1704.9460,1301.6363,1279.5017,0,on,1,1.5000
1786353616.688655,1,1,,1569.0000,1652.0000,1594.0000,1709.0000,1303.0000,1270.0000,65.600,49.066,60.572,37.591,36.883,70.292,1531,1450,1613,1706,1306,1289,0,58,0,0,18,27,0,0,1,1,1,1,4.9908,4.9908,4.9908,4.9908,2.9084,7.0640,1544.1232,1630.4978,1611.8749,1704.9460,1301.6363,1279.5017,1,on,1,1.5000
1786353616.715901,1,1,,1570.0000,1659.0000,1611.0000,1717.0000,1305.0000,1273.0000,65.468,47.503,57.258,35.879,36.131,69.961,1534,1464,1613,1705,1306,1287,25,87,0,0,17,0,0,0,1,1,1,1,4.9908,4.9908,4.9908,4.9908,2.9084,7.0640,1544.1232,1630.4978,1611.8749,1704.9460,1301.6363,1279.5017,0,on,1,1.5000
1786353616.747871,1,1,,1584.0000,1661.0000,1623.0000,1714.0000,1304.0000,1287.0000,62.500,47.122,54.883,36.571,36.558,67.893,1537,1477,1613,1705,1306,1287,15,57,0,0,18,31,0,0,1,1,1,1,4.9908,4.9908,4.9908,4.9908,2.9084,7.0640,1552.4593,1630.4978,1611.8749,1704.9460,1301.6363,1279.5017,1,on,1,1.5000
1786353616.788679,1,1,,1579.0000,1649.0000,1621.0000,1725.0000,1298.0000,1300.0000,63.513,49.570,55.205,34.266,38.351,66.157,1540,1500,1613,1706,1305,1284,0,60,0,0,15,35,0,0,1,1,1,1,4.9908,4.9908,4.9908,4.9908,2.9084,7.0640,1552.4593,1630.4978,1611.8749,1704.9460,1301.6363,1279.5017,0,on,1,1.5000
1786353616.820641,1,1,,1606.0000,1663.0000,1649.0000,1734.0000,1309.0000,1389.0000,58.108,46.779,49.510,32.503,34.614,53.484,1542,1517,1613,1706,1305,1282,29,67,0,0,0,0,0,0,1,1,1,1,4.9908,4.9908,4.9908,4.9908,2.9084,7.0640,1560.6620,1630.4978,1611.8749,1704.9460,1301.6363,1295.0384,1,on,1,1.5000
1786353616.847856,1,1,,1665.0000,1698.0000,1690.0000,1711.0000,1334.0000,1555.0000,46.308,39.701,41.433,37.138,26.174,30.054,1545,1528,1613,1705,1304,1282,19,64,0,0,30,0,0,0,1,1,1,0,4.9908,4.9908,4.9908,4.9908,2.9084,7.0640,1577.9734,1644.3327,1620.5264,1704.9460,1301.6363,1372.8790,1,on,1,1.5000
1786353616.888679,1,1,,1726.0000,1654.0000,1681.0000,1681.0000,1339.0000,1557.0000,34.243,48.668,43.192,43.256,24.557,29.675,1547,1545,1613,1706,1303,1282,55,63,0,0,25,79,0,0,0,1,1,0,4.9908,4.9908,4.9908,4.9908,2.9084,7.0640,1619.4504,1644.3327,1631.0831,1704.9460,1306.7515,1443.0543,1,on,1,1.5000
1786353616.920730,1,1,,1718.0000,1645.0000,1673.0000,1677.0000,1326.0000,1547.0000,35.737,50.434,44.819,43.962,28.832,31.062,1555,1563,1613,1706,1302,1288,33,66,13,0,17,147,0,0,0,1,0,0,4.9908,4.9908,4.9908,4.9908,2.9084,7.0640,1642.8799,1644.3327,1631.0831,1704.9460,1306.7515,1473.6951,1,on,1,1.5000
1786353616.947535,1,1,,1747.0000,1644.0000,1665.0000,1687.0000,1311.0000,1536.0000,29.914,50.650,46.457,42.020,33.913,32.691,1563,1577,1613,1705,1302,1316,71,65,26,0,27,98,0,0,0,1,0,0,4.9908,4.9908,4.9908,4.9908,2.9084,7.0640,1666.3429,1644.3327,1639.6710,1704.9460,1306.7515,1487.7403,1,on,1,1.5000
1786353616.988672,1,1,,1759.0000,1642.0000,1670.0000,1682.0000,1319.0000,1503.0000,27.543,50.905,45.321,42.976,31.336,37.401,1586,1599,1619,1706,1304,1361,87,63,14,0,9,106,0,0,0,1,0,0,4.9908,4.9908,4.9908,4.9908,2.9084,7.0640,1691.5661,1644.3327,1639.6710,1704.9460,1306.7515,1487.7403,1,on,1,1.5000
1786353617.020741,1,1,,1760.0000,1662.0000,1692.0000,1702.0000,1321.0000,1433.0000,27.247,46.998,40.922,38.859,30.673,47.265,1607,1619,1622,1705,1304,1393,89,58,13,0,0,87,0,0,0,1,0,0,4.9908,4.9908,4.9908,4.9908,2.9084,7.0640,1705.7695,1644.3327,1649.2134,1704.9460,1306.7515,1487.7403,1,on,1,1.5000
1786353617.052625,1,1,,1767.0000,1668.0000,1674.0000,1706.0000,1317.0000,1389.0000,25.847,45.841,44.481,38.250,31.819,53.519,1621,1630,1625,1706,1304,1413,85,18,0,0,15,91,0,0,0,1,0,0,4.9908,4.9908,4.9908,4.9908,2.9084,7.0640,1717.4037,1644.3327,1649.2134,1704.9460,1306.7515,1476.9029,1,on,1,1.5000
1786353617.083443,1,1,,1759.0000,1659.0000,1671.0000,1709.0000,1315.0000,1372.0000,27.490,47.498,45.155,37.598,32.584,55.948,1644,1634,1627,1705,1306,1436,77,18,33,0,0,98,0,0,0,1,1,0,4.9908,4.9908,4.9908,4.9908,2.9084,7.0640,1717.4037,1644.3327,1649.2134,1704.9460,1306.7515,1457.7612,1,on,1,1.5000
1786353617.116551,1,1,,1756.0000,1659.0000,1676.0000,1720.0000,1310.0000,1379.0000,28.178,47.533,44.255,35.426,34.306,54.892,1664,1638,1636,1705,1306,1463,90,19,0,0,0,0,0,0,0,1,1,1,4.9908,4.9908,4.9908,4.9908,2.9084,7.0640,1728.4570,1644.3327,1649.2134,1704.9460,1306.7515,1442.1109,1,on,1,1.5000
1786353617.152797,1,1,,1768.0000,1663.0000,1682.0000,1726.0000,1300.0000,1387.0000,25.758,46.709,43.003,34.115,37.951,53.750,1686,1642,1640,1705,1306,1463,74,0,26,0,0,0,0,0,0,1,1,1,4.9908,4.9908,4.9908,4.9908,2.9084,7.0640,1728.4570,1644.3327,1657.6343,1704.9460,1306.7515,1442.1109,1,on,1,1.5000
1786353617.185114,1,1,,1769.0000,1671.0000,1687.0000,1726.0000,1294.0000,1369.0000,25.594,45.217,42.007,34.194,39.901,56.268,1706,1642,1645,1705,1306,1463,80,0,21,0,0,20,0,0,0,1,1,1,4.9908,4.9908,4.9908,4.9908,2.9084,7.0640,1737.9063,1644.3327,1657.6343,1704.9460,1306.7515,1421.0700,1,on,1,1.5000
1786353617.217092,1,1,,1751.0000,1681.0000,1682.0000,1723.0000,1286.0000,1359.0000,29.150,43.064,43.051,34.797,42.507,57.720,1716,1642,1647,1705,1306,1463,10,0,20,0,0,75,0,0,0,1,1,1,4.9908,4.9908,4.9908,4.9908,2.9084,7.0640,1737.9063,1652.5882,1657.6343,1704.9460,1306.7515,1421.0700,1,on,1,1.5000
1786353617.248034,1,1,,1741.0000,1675.0000,1687.0000,1730.0000,1289.0000,1361.0000,31.155,44.333,41.980,33.245,41.569,57.407,1718,1642,1654,1705,1306,1450,16,0,15,0,0,68,0,0,0,1,1,1,4.9908,4.9908,4.9908,4.9908,2.9084,7.0640,1737.9063,1652.5882,1657.6343,1704.9460,1306.7515,1402.8492,1,on,1,1.5000
1786353617.283915,1,1,,1740.0000,1684.0000,1694.0000,1738.0000,1283.0000,1368.0000,31.389,42.536,40.562,31.698,43.502,56.452,1720,1643,1656,1705,1306,1436,18,22,0,0,0,65,0,0,0,1,1,1,4.9908,4.9908,4.9908,4.9908,2.9084,7.0640,1737.9063,1652.5882,1666.6852,1704.9460,1306.7515,1402.8492,1,on,1,1.5000
1786353617.315965,1,1,,1755.0000,1674.0000,1689.0000,1730.0000,1285.0000,1385.0000,28.272,44.536,41.536,33.394,43.045,53.985,1722,1648,1656,1706,1306,1421,18,13,0,0,0,47,0,0,0,1,1,1,4.9908,4.9908,4.9908,4.9908,2.9084,7.0640,1737.9063,1652.5882,1666.6852,1704.9460,1306.7515,1402.8492,0,on,1,1.5000
1786353617.348060,1,1,,1759.0000,1674.0000,1682.0000,1734.0000,1279.0000,1385.0000,27.470,44.616,42.892,32.515,44.925,54.083,1723,1650,1657,1705,1306,1416,8,10,21,0,0,31,0,0,0,1,1,1,4.9908,4.9908,4.9908,4.9908,2.9084,7.0640,1737.9063,1652.5882,1666.6852,1713.6406,1301.9535,1402.8492,1,on,1,1.5000
1786353617.383922,1,1,,1766.0000,1671.0000,1681.0000,1726.0000,1277.0000,1426.0000,26.204,45.124,43.117,34.151,45.579,48.298,1723,1650,1663,1706,1306,1411,10,0,15,0,0,23,0,0,0,0,1,1,4.9908,4.9908,4.9908,4.9908,2.9084,7.0640,1737.9063,1652.5882,1666.6852,1713.6406,1301.9535,1402.8492,0,on,1,1.5000
1786353617.415998,1,1,,1740.0000,1670.0000,1681.0000,1728.0000,1297.0000,1397.0000,31.337,45.375,43.138,33.699,38.930,52.406,1723,1650,1666,1707,1306,1408,13,0,0,29,0,20,0,0,1,0,1,1,4.9908,4.9908,4.9908,4.9908,2.9084,7.0640,1737.9063,1660.3619,1666.6852,1713.6406,1301.9535,1402.8492,1,on,1,1.5000
1786353617.447932,1,1,,1739.0000,1659.0000,1671.0000,1727.0000,1304.0000,1421.0000,31.587,47.662,45.176,33.970,36.499,48.918,1723,1650,1667,1714,1306,1408,13,0,0,0,0,18,0,0,1,0,1,1,4.9908,4.9908,4.9908,4.9908,2.9084,7.0640,1737.9063,1660.3619,1666.6852,1713.6406,1301.9535,1402.8492,0,on,1,1.5000
1786353617.488926,1,1,,1745.0000,1672.0000,1675.0000,1724.0000,1309.0000,1437.0000,30.359,45.046,44.340,34.582,34.826,46.723,1725,1653,1667,1715,1306,1406,27,26,0,0,0,0,0,0,1,1,1,1,4.9908,4.9908,4.9908,4.9908,2.9084,7.0640,1737.9063,1660.3619,1666.6852,1713.6406,1301.9535,1402.8492,0,on,1,1.5000
1786353617.520923,1,1,,1738.0000,1682.0000,1679.0000,1718.0000,1311.0000,1443.0000,31.800,42.926,43.575,35.654,34.173,45.901,1728,1656,1667,1715,1306,1406,25,18,0,0,0,0,0,0,1,1,1,1,4.9908,4.9908,4.9908,4.9908,2.9084,7.0640,1737.9063,1660.3619,1666.6852,1713.6406,1301.9535,1402.8492,0,on,1,1.5000
1786353617.552764,1,1,,1719.0000,1680.0000,1689.0000,1722.0000,1309.0000,1451.0000,35.504,43.272,41.463,34.920,34.835,44.664,1730,1661,1667,1715,1306,1406,22,0,0,0,13,0,0,1,1,1,1,1,4.9908,4.9908,4.9908,4.9908,2.9084,7.0640,1737.9063,1660.3619,1666.6852,1713.6406,1301.9535,1402.8492,0,on,1,1.5000
1786353617.587943,1,1,,1708.0000,1685.0000,1681.0000,1721.0000,1311.0000,1446.0000,37.686,42.357,43.257,35.104,34.050,45.482,1733,1661,1667,1715,1306,1406,29,0,0,0,19,0,0,1,1,1,1,1,4.9908,4.9908,4.9908,4.9908,2.9084,7.0640,1737.9063,1660.3619,1666.6852,1713.6406,1301.9535,1414.3506,1,on,1,1.5000
1786353617.616497,1,1,,1705.0000,1678.0000,1680.0000,1712.0000,1314.0000,1457.0000,38.328,43.710,43.289,36.967,33.149,43.925,1736,1661,1667,1715,1305,1406,23,0,0,0,16,0,0,1,1,1,1,0,4.9908,4.9908,4.9908,4.9908,2.9084,7.0640,1737.9063,1660.3619,1666.6852,1713.6406,1301.9535,1414.3506,0,on,1,1.5000
1786353617.647418,1,1,,1685.0000,1679.0000,1683.0000,1718.0000,1310.0000,1446.0000,42.362,43.468,42.801,35.788,34.466,45.410,1738,1661,1667,1715,1305,1406,22,0,0,0,0,13,0,1,1,1,1,0,4.9908,4.9908,4.9908,4.9908,2.9084,7.0640,1737.9063,1660.3619,1666.6852,1713.6406,1301.9535,1414.3506,0,on,1,1.5000
1786353617.683448,1,1,,1651.0000,1683.0000,1666.0000,1732.0000,1301.0000,1444.0000,49.173,42.663,46.170,32.873,37.322,45.706,1738,1661,1667,1715,1304,1406,22,0,0,0,32,22,0,1,1,1,1,0,4.9908,4.9908,4.9908,4.9908,2.9084,7.0640,1717.1738,1660.3619,1666.6852,1713.6406,1301.9535,1414.3506,1,on,1,1.5000
1786353617.715560,1,1,,1637.0000,1669.0000,1657.0000,1737.0000,1309.0000,1452.0000,51.959,45.481,48.001,32.030,34.798,44.577,1738,1661,1667,1715,1303,1405,0,0,0,0,25,49,1,1,1,1,1,0,4.9908,4.9908,4.9908,4.9908,2.9084,7.0640,1702.8962,1660.3619,1666.6852,1713.6406,1301.9535,1426.4932,1,on,1,1.5000
1786353617.747416,1,1,,1624.0000,1672.0000,1656.0000,1735.0000,1305.0000,1421.0000,54.655,45.024,48.095,32.254,36.165,49.019,1739,1662,1667,1715,1302,1411,0,0,0,0,18,20,1,1,1,1,1,0,4.9908,4.9908,4.9908,4.9908,2.9084,7.0640,1687.9338,1660.3619,1666.6852,1713.6406,1301.9535,1426.4932,1,on,1,1.5000
1786353617.783441,1,1,,1583.0000,1645.0000,1685.0000,1672.0000,1326.0000,1449.0000,62.771,50.309,42.363,44.932,28.754,44.985,1734,1661,1667,1715,1302,1412,93,0,0,0,0,41,1,1,1,1,1,0,4.9908,4.9908,4.9908,4.9908,2.9084,7.0640,1663.6611,1660.3619,1666.6852,1713.6406,1301.9535,1426.4932,1,on,1,1.5000
1786353617.815889,1,1,,1478.0000,1602.0000,1591.0000,1660.0000,1321.0000,1458.0000,83.785,59.091,61.227,47.423,30.633,43.781,1720,1661,1667,1715,1302,1416,108,0,0,0,0,34,1,1,1,1,1,0,4.9908,4.9908,4.9908,4.9908,2.9084,7.0640,1609.1288,1660.3619,1666.6852,1713.6406,1301.9535,1426.4932,1,on,1,1.5000
1786353617.847846,1,1,,1459.0000,1488.0000,1351.0000,1585.0000,1258.0000,1554.0000,87.561,81.843,109.346,62.437,52.226,30.083,1704,1661,1667,1715,1302,1419,138,0,0,0,0,23,1,1,1,1,1,0,4.9908,4.9908,4.9908,4.9908,2.9084,7.0640,1563.1335,1619.7864,1557.7443,1686.3952,1301.9535,1452.5787,1,on,1,1.5000
1786353617.883888,1,1,,1412.0000,1459.0000,1253.0000,1527.0000,1283.0000,1490.0000,97.125,87.574,129.007,74.115,43.624,39.155,1676,1661,1667,1715,1302,1422,96,23,0,0,0,28,1,1,1,1,1,0,4.9908,4.9908,4.9908,4.9908,2.9084,7.0640,1513.2662,1571.7211,1426.0089,1641.9883,1301.9535,1452.5787,1,on,1,1.5000
1786353617.915888,1,0,handedness unsure,1499.0000,1488.0000,1262.0000,1333.0000,1315.0000,1414.0000,79.622,81.906,127.180,112.910,32.627,49.883,1651,1655,1662,1711,1302,1429,97,88,91,45,0,34,1,1,1,1,1,0,4.9908,4.9908,4.9908,4.9908,2.9084,7.0640,1513.2662,1550.8747,1363.9416,1522.8873,1301.9535,1452.5787,1,on,1,1.5000
1786353617.947865,1,0,hand looks flipped,1516.0000,1630.0000,1790.0000,1568.0000,1239.0000,1850.0000,76.134,53.357,21.290,65.751,58.826,-61.412,1635,1640,1649,1702,1302,1432,97,81,86,56,0,23,1,1,1,1,1,0,4.9908,4.9908,4.9908,4.9908,2.9084,7.0640,1513.2662,1550.8747,1455.7575,1532.9970,1301.9535,1452.5787,1,on,1,1.5000
1786353617.988662,0,1,,,,,,,,,,,,,,1609,1609,1615,1670,1302,1436,89,91,81,49,0,47,1,1,1,1,1,0,4.9908,4.9908,4.9908,4.9908,2.9084,7.0640,,,,,,,0,on,1,1.5000
1786353618.039853,1,1,,1523.0000,1413.0000,1361.0000,1318.0000,1330.0000,1231.0000,74.814,96.919,107.303,115.938,27.659,75.883,1585,1580,1587,1644,1302,1443,105,88,78,83,0,19,1,1,1,1,1,0,4.9908,4.9908,4.9908,4.9908,2.9084,7.0640,1513.2662,1518.9948,1455.7575,1447.6303,1301.9535,1400.6539,1,on,1,1.5000
1786353618.054489,1,1,,1497.0000,1428.0000,1415.0000,1433.0000,1344.0000,1346.0000,79.941,93.879,96.423,92.845,22.835,59.640,1514,1511,1465,1516,1302,1408,0,23,0,68,0,24,1,1,1,1,1,1,4.9908,4.9908,4.9908,4.9908,2.9084,7.0640,1513.2662,1508.1314,1455.7575,1447.6303,1301.9535,1400.6539,1,on,1,1.5000
1786353618.290652,0,1,,,,,,,,,,,,,,1514,1510,1464,1507,1302,1406,0,20,26,71,0,21,1,1,1,1,1,1,4.9908,4.9908,4.9908,4.9908,2.9084,7.0640,,,,,,,0,on,1,1.5000
1786353618.305699,0,1,,,,,,,,,,,,,,1514,1509,1463,1499,1302,1405,0,18,39,66,0,20,1,1,1,1,1,1,4.9908,4.9908,4.9908,4.9908,2.9084,7.0640,,,,,,,0,on,1,1.5000
1786353618.319471,0,1,,,,,,,,,,,,,,1514,1509,1462,1495,1302,1404,0,17,31,58,0,18,1,1,1,1,1,1,4.9908,4.9908,4.9908,4.9908,2.9084,7.0640,,,,,,,0,on,1,1.5000
1786353618.339011,0,1,,,,,,,,,,,,,,1514,1509,1459,1482,1302,1404,0,0,18,52,0,17,1,1,1,1,1,1,4.9908,4.9908,4.9908,4.9908,2.9084,7.0640,,,,,,,0,on,1,1.5000
1786353618.364827,0,1,,,,,,,,,,,,,,1514,1509,1458,1470,1302,1403,0,0,17,64,0,16,1,1,1,1,1,1,4.9908,4.9908,4.9908,4.9908,2.9084,7.0640,,,,,,,0,on,1,1.5000
1786353618.380067,0,1,,,,,,,,,,,,,,1514,1509,1458,1466,1302,1403,0,0,15,69,0,0,1,1,1,1,1,1,4.9908,4.9908,4.9908,4.9908,2.9084,7.0640,,,,,,,0,on,1,1.5000
1786353618.393560,0,1,,,,,,,,,,,,,,1514,1509,1457,1460,1302,1403,0,0,0,0,0,0,1,1,1,1,1,1,4.9908,4.9908,4.9908,4.9908,2.9084,7.0640,,,,,,,0,on,1,1.5000
1786353618.429422,0,1,,,,,,,,,,,,,,1514,1509,1457,1455,1302,1403,0,0,0,17,0,0,1,1,1,1,1,1,4.9908,4.9908,4.9908,4.9908,2.9084,7.0640,,,,,,,0,on,1,1.5000
1786353618.461323,0,1,,,,,,,,,,,,,,1514,1509,1457,1450,1302,1403,0,0,0,0,0,0,1,1,1,1,1,1,4.9908,4.9908,4.9908,4.9908,2.9084,7.0640,,,,,,,0,on,1,1.5000
1786353618.494932,0,1,,,,,,,,,,,,,,1514,1509,1457,1450,1302,1403,0,0,0,0,0,0,1,1,1,1,1,1,4.9908,4.9908,4.9908,4.9908,2.9084,7.0640,,,,,,,0,on,1,1.5000
1786353618.527003,0,1,,,,,,,,,,,,,,1514,1509,1457,1450,1302,1403,0,0,0,0,0,0,1,1,1,1,1,1,4.9908,4.9908,4.9908,4.9908,2.9084,7.0640,,,,,,,0,on,1,1.5000
1786353618.559231,0,1,,,,,,,,,,,,,,1514,1509,1457,1450,1302,1403,0,0,0,13,0,0,1,1,1,1,1,1,4.9908,4.9908,4.9908,4.9908,2.9084,7.0640,,,,,,,0,on,1,1.5000
1786353618.592687,0,1,,,,,,,,,,,,,,1514,1509,1457,1449,1302,1403,0,0,8,15,0,0,1,1,1,1,1,1,4.9908,4.9908,4.9908,4.9908,2.9084,7.0640,,,,,,,0,on,1,1.5000
1786353618.624536,0,1,,,,,,,,,,,,,,1514,1509,1457,1448,1302,1403,0,0,23,0,0,0,1,1,1,1,1,1,4.9908,4.9908,4.9908,4.9908,2.9084,7.0640,,,,,,,0,on,1,1.5000
1786353618.656690,0,1,,,,,,,,,,,,,,1514,1509,1456,1448,1302,1403,22,0,23,0,0,0,1,1,1,1,1,1,4.9908,4.9908,4.9908,4.9908,2.9084,7.0640,,,,,,,0,on,1,1.5000
1786353618.690550,0,1,,,,,,,,,,,,,,1514,1509,1455,1448,1302,1403,0,0,0,8,0,0,1,1,1,1,1,1,4.9908,4.9908,4.9908,4.9908,2.9084,7.0640,,,,,,,0,on,1,1.5000
1786353618.719930,0,1,,,,,,,,,,,,,,1514,1509,1455,1448,1302,1403,0,19,0,9,21,0,1,1,1,1,1,1,4.9908,4.9908,4.9908,4.9908,2.9084,7.0640,,,,,,,0,on,1,1.5000
1786353618.752305,0,1,,,,,,,,,,,,,,1514,1507,1455,1448,1302,1403,0,0,0,12,23,0,1,1,1,1,1,1,4.9908,4.9908,4.9908,4.9908,2.9084,7.0640,,,,,,,0,on,1,1.5000
1786353618.790580,0,1,,,,,,,,,,,,,,1514,1507,1455,1447,1301,1403,0,0,9,8,0,0,1,1,1,1,1,1,4.9908,4.9908,4.9908,4.9908,2.9084,7.0640,,,,,,,0,on,1,1.5000
1786353618.820254,0,1,,,,,,,,,,,,,,1514,1507,1455,1448,1301,1403,11,0,0,10,0,0,1,1,1,1,1,1,4.9908,4.9908,4.9908,4.9908,2.9084,7.0640,,,,,,,0,on,1,1.5000
1786353618.852046,0,1,,,,,,,,,,,,,,1514,1507,1455,1447,1301,1403,27,0,8,22,0,8,1,1,1,1,1,1,4.9908,4.9908,4.9908,4.9908,2.9084,7.0640,,,,,,,0,on,1,1.5000
1786353618.887697,0,1,,,,,,,,,,,,,,1512,1507,1455,1446,1301,1403,24,0,11,0,0,22,1,1,1,1,1,1,4.9908,4.9908,4.9908,4.9908,2.9084,7.0640,,,,,,,0,on,1,1.5000
1786353618.930033,0,1,,,,,,,,,,,,,,1511,1507,1455,1446,1301,1402,0,0,24,0,0,0,1,1,1,1,1,1,4.9908,4.9908,4.9908,4.9908,2.9084,7.0640,,,,,,,0,on,1,1.5000
1786353618.952134,0,1,,,,,,,,,,,,,,1511,1507,1454,1446,1301,1402,0,0,0,0,0,0,1,1,1,1,1,1,4.9908,4.9908,4.9908,4.9908,2.9084,7.0640,,,,,,,0,on,1,1.5000
1786353618.988137,0,1,,,,,,,,,,,,,,1511,1507,1454,1446,1301,1402,0,0,0,0,0,18,1,1,1,1,1,1,4.9908,4.9908,4.9908,4.9908,2.9084,7.0640,,,,,,,0,on,1,1.5000
1786353619.020210,0,1,,,,,,,,,,,,,,1511,1507,1454,1446,1301,1401,0,0,0,0,0,19,1,1,1,1,1,1,4.9908,4.9908,4.9908,4.9908,2.9084,7.0640,,,,,,,0,on,1,1.5000
1786353619.052150,0,1,,,,,,,,,,,,,,1511,1507,1454,1446,1301,1401,0,0,0,0,0,19,1,1,1,1,1,1,4.9908,4.9908,4.9908,4.9908,2.9084,7.0640,,,,,,,0,on,1,1.5000
1786353619.087616,0,1,,,,,,,,,,,,,,1511,1507,1454,1446,1301,1400,0,0,0,0,0,0,1,1,1,1,1,1,4.9908,4.9908,4.9908,4.9908,2.9084,7.0640,,,,,,,0,on,1,1.5000
1786353619.123988,0,1,,,,,,,,,,,,,,1511,1507,1454,1446,1301,1400,0,0,0,0,0,0,1,1,1,1,1,1,4.9908,4.9908,4.9908,4.9908,2.9084,7.0640,,,,,,,0,on,1,1.5000
1786353619.156197,0,1,,,,,,,,,,,,,,1511,1507,1454,1446,1301,1400,0,0,0,0,0,0,1,1,1,1,1,1,4.9908,4.9908,4.9908,4.9908,2.9084,7.0640,,,,,,,0,on,1,1.5000
1786353619.189878,0,1,,,,,,,,,,,,,,1511,1507,1454,1446,1301,1400,0,0,0,0,0,0,1,1,1,1,1,1,4.9908,4.9908,4.9908,4.9908,2.9084,7.0640,,,,,,,0,on,1,1.5000
